source,target,value
astro_timpeake,esa,2
astro_timpeake,astro_reid,3
astro_timpeake,NASA,4
astro_timpeake,AstroSamantha,1
astro_timpeake,csa_asc,0
astro_timpeake,Astro_Ron,0
astro_timpeake,ISS_Research,0
astro_timpeake,Astro_Wakata,0
astro_timpeake,ESA_EAC,0
astro_timpeake,Astro_Nicole,0
astro_timpeake,esaoperations,1
astro_timpeake,Thom_astro,2
astro_timpeake,Astro_Alex,1
astro_timpeake,Astro_Andreas,0
astro_timpeake,AstroIllini,0
astro_timpeake,astro_timpeake,0
Thom_astro,astro_timpeake,2
Thom_astro,Aki_Hoshide,0
Thom_astro,AstroKarenN,0
Thom_astro,NASA_NEEMO,1
Thom_astro,Chief_Astronaut,0
Thom_astro,NASA,0
Thom_astro,Astro_DavidS,0
Thom_astro,esa,1
Thom_astro,asc_csa,2
Thom_astro,Astro_Andreas,6
Thom_astro,AstroDot,0
Thom_astro,esaoperations,1
Thom_astro,AstroSamantha,0
Thom_astro,Astro_Jeremy,4
Thom_astro,Astro_Wakata,1
Thom_astro,Astro_Alex,0
Astro_Alex,astro_reid,4
Astro_Alex,Astro_Alex,0
Astro_Alex,astro_luca,0
AstroSamantha,Astro_Alex,2
AstroSamantha,AstroTerry,3
AstroSamantha,AstroSamantha,12
AstroSamantha,Astro_Andreas,0
astro_luca,Astro_Alex,1
astro_luca,AstroKarenN,2
astro_luca,astro_reid,3
astro_luca,AstroSamantha,0
astro_luca,Astro_Ron,0
astro_luca,Msuraev,1
astro_luca,esa,2
astro_luca,NASA,1
astro_luca,Thom_astro,1
astro_luca,astro_aggie,0
astro_luca,astro_timpeake,0
astro_luca,Cmdr_Hadfield,2
astro_luca,esaoperations,0
astro_andre,AstroSamantha,1
astro_andre,NASA_Orion,0
astro_andre,esa,3
astro_andre,esaoperations,0
astro_andre,Astro_Cady,0
astro_andre,Astro_Alex,1
astro_andre,NASA,1
astro_andre,NASA_Astronauts,0
astro_andre,ISS_Research,0
astro_andre,astro_andre,0
astro_paolo,Astro_Ron,0
astro_paolo,astro_aggie,0
astro_paolo,Astro_Cady,0
Astro_Andreas,esa,5
Astro_Andreas,NASA_NEEMO,0
Astro_Andreas,esaoperations,3
Astro_Andreas,Astro_Alex,1
Astro_Andreas,AstroRM,0
Astro_Andreas,Thom_astro,7
Astro_Andreas,astro_timpeake,0
Astro_Andreas,AstroSamantha,2
Astro_Andreas,MorpheusLander,0
Astro_Andreas,Astro_Ron,1
Astro_Andreas,astro_reid,0
CFuglesang,Astro_Ron,0
CFuglesang,ESA_EAC,0
CFuglesang,Astro_Cady,0
ESA_EAC,Astro_Alex,7
ESA_EAC,astro_reid,0
ESA_EAC,AstroSamantha,0
ESA_EAC,esa,7
ESA_EAC,esaoperations,5
ESA_EAC,NASA,0
ESA_EAC,Thom_astro,1
ESA_EAC,Astro_Andreas,0
esa,esaoperations,7
esa,Astro_Alex,17
esa,Astro_Andreas,0
esa,astro_luca,0
esa,astro_timpeake,0
esa,csa_asc,0
esa,astro_reid,0
esa,AstroSamantha,0
esaoperations,NASA,4
esaoperations,Astro_Alex,6
esaoperations,esa,3
esaoperations,astro_timpeake,0
esaoperations,Astro_Andreas,0
Astro_Satoshi,JAXA_en,0
Astro_Satoshi,NASA,22
Astro_Satoshi,Astro_Wakata,1
Astro_Satoshi,astro_reid,10
Astro_Satoshi,Aki_Hoshide,8
Astro_Satoshi,NASA_Astronauts,3
Astro_Satoshi,Astro_Alex,6
Astro_Satoshi,esa,0
Astro_Satoshi,AstroTerry,0
Astro_Satoshi,OlegMKS,1
Astro_Satoshi,astro_aggie,0
Astro_Satoshi,Chief_Astronaut,0
Astro_Wakata,Aki_Hoshide,0
Astro_Wakata,AstroRM,0
Astro_Wakata,astro_reid,0
Astro_Soichi,NASA,58
Astro_Soichi,Astro_Wakata,4
Astro_Soichi,Astro_Alex,1
Astro_Soichi,Cmdr_Hadfield,0
Astro_Soichi,astro_reid,0
Astro_Soichi,Chief_Astronaut,0
Astro_Soichi,NASA_Astronauts,5
Astro_Soichi,astro_aggie,0
Astro_Soichi,Astro_Soichi,1
Astro_Soichi,esa,0
JAXA_en,JAXA_en,1
Aki_Hoshide,Astro_Alex,24
Aki_Hoshide,Cmdr_Hadfield,2
Aki_Hoshide,AstroSamantha,7
Aki_Hoshide,NASA,6
Aki_Hoshide,Astro_Soichi,3
Aki_Hoshide,astro_reid,13
Aki_Hoshide,ISS_Research,1
Aki_Hoshide,NASA_Astronauts,4
Aki_Hoshide,Astro_Kimiya,6
Aki_Hoshide,JAXA_en,1
Aki_Hoshide,Astro_Satoshi,1
Aki_Hoshide,AstroDot,0
Aki_Hoshide,NASA_NEEMO,30
Aki_Hoshide,Thom_astro,18
Aki_Hoshide,AstroClass2013,2
Aki_Hoshide,Chief_Astronaut,1
Aki_Hoshide,Astro_Jeremy,0
csa_asc,astro_reid,28
csa_asc,Astro_Alex,23
csa_asc,NASA,5
csa_asc,esa,2
csa_asc,Astro_DavidS,4
csa_asc,OlegMKS,4
csa_asc,Cmdr_Hadfield,1
csa_asc,astro_timpeake,1
csa_asc,Astro_Jeremy,1
csa_asc,Astro_Andreas,0
csa_asc,AstroSamantha,1
asc_csa,Astro_DavidS,11
asc_csa,Thom_astro,2
asc_csa,OlegMKS,0
asc_csa,astro_reid,18
asc_csa,Astro_Alex,12
asc_csa,Cmdr_Hadfield,0
Astro_Jeremy,astro_reid,2
Astro_Jeremy,NASA_Astronauts,1
Astro_Jeremy,csa_asc,15
Astro_Jeremy,Cmdr_Hadfield,1
Astro_Jeremy,astro_aggie,0
Astro_Jeremy,AstroIllini,2
Astro_Jeremy,Astro_Kate7,0
Astro_Jeremy,Thom_astro,1
Astro_Jeremy,Astro_Wakata,0
Astro_Jeremy,astro_timpeake,0
Astro_Jeremy,Astro_DavidS,0
Astro_Jeremy,AstroRM,0
Astro_Jeremy,AstroKarenN,2
Astro_DavidS,csa_asc,4
Astro_DavidS,asc_csa,5
Astro_DavidS,spacetihon,0
Astro_DavidS,Cmdr_Hadfield,2
Astro_DavidS,astro_reid,1
Astro_DavidS,Msuraev,0
Astro_DavidS,Astro_DavidS,3
Astro_DavidS,Astro_Jeremy,0
Astro_DavidS,Astro_Andreas,0
Astro_DavidS,Astro_Wheels,0
Astro_DavidS,AstroIllini,2
AstroDaveMD,csa_asc,11
AstroDaveMD,Astro_Clay,7
AstroDaveMD,NASA,2
AstroDaveMD,AstroRM,2
AstroDaveMD,AstroMarshburn,0
AstroDaveMD,ISS_Research,0
AstroDaveMD,asc_csa,0
AstroDaveMD,Astro_DavidS,0
AstroDaveMD,Cmdr_Hadfield,0
AstroDaveMD,RobertThirsk,0
Cmdr_Hadfield,AstroSamantha,1
Cmdr_Hadfield,Astro_Alex,4
Cmdr_Hadfield,astro_reid,2
Cmdr_Hadfield,Astro_DavidS,1
Cmdr_Hadfield,Msuraev,1
Cmdr_Hadfield,Astro_Cady,0
Cmdr_Hadfield,NASA,0
RobertThirsk,asc_csa,2
RobertThirsk,csa_asc,2
AstroGarneau,AstroGarneau,0
spacetihon,OlegMKS,0
spacetihon,Astro_DavidS,1
spacetihon,astro_luca,1
spacetihon,Cmdr_Hadfield,0
spacetihon,Astro_Andreas,3
spacetihon,Astro_Soichi,0
OlegMKS,astro_reid,4
OlegMKS,Astro_Alex,8
OlegMKS,Msuraev,10
OlegMKS,NASA_Astronauts,0
OlegMKS,NASA,1
Msuraev,OlegMKS,3
Msuraev,Astro_Alex,1
Msuraev,astro_reid,1
Msuraev,Msuraev,1
AntonAstrey,AstroTerry,18
AntonAstrey,OlegMKS,10
AntonAstrey,Msuraev,2
AntonAstrey,AstroSamantha,38
AntonAstrey,astro_reid,8
AntonAstrey,Astro_Alex,3
AntonAstrey,Chief_Astronaut,0
AntonAstrey,esa,0
AntonAstrey,StationCDRKelly,2
AntonAstrey,Astro_DavidS,0
AntonAstrey,NASA,0
AntonAstrey,Astro_Wakata,0
AntonAstrey,AstroIllini,0
AntonAstrey,Thom_astro,0
AntonAstrey,Astro_Nicole,0
AntonAstrey,AstroRM,0
NASA,astro_reid,13
NASA,Astro_Alex,6
NASA,ISS_Research,0
NASA,esa,1
NASA_Astronauts,astro_reid,26
NASA_Astronauts,Chief_Astronaut,2
NASA_Astronauts,Astro_Alex,10
NASA_Astronauts,NASA,8
NASA_Astronauts,AstroIllini,2
NASA_Astronauts,esa,0
NASA_Astronauts,Astro_Maker,0
NASA_Astronauts,Astro_Wheels,5
NASA_Astronauts,foreman_mike,0
NASA_Astronauts,Astro_Mike,1
NASA_Astronauts,AstroTerry,3
NASA_Astronauts,StationCDRKelly,0
NASA_Astronauts,Astro_Nicole,3
NASA_Astronauts,Astro_Cady,3
NASA_Astronauts,Astro_Jeremy,0
NASA_Astronauts,OlegMKS,0
NASA_Astronauts,Astro_Satoshi,0
NASAPeople,NASA,8
NASAPeople,Astro_Cady,0
NASAPeople,NASA_SLS,2
NASAPeople,MorpheusLander,3
NASAPeople,Astro_Nicole,0
NASAPeople,AstroRobonaut,0
NASAPeople,Astro_Jeremy,0
NASAPeople,SciAstro,0
NASAPeople,foreman_mike,0
NASAPeople,AstroRM,0
AstroClass2013,Astro_Maker,0
AstroClass2013,Astro_Wheels,0
AstroClass2013,StationCDRKelly,0
AstroClass2013,NASA,2
AstroClass2013,foreman_mike,0
AstroClass2013,AstroClass2013,13
SciAstro,NASA,10
SciAstro,SciAstro,7
Astro_Flow,Astro_Alex,0
Astro_Flow,astro_reid,0
Astro_Flow,NASA_Astronauts,0
Astro_Flow,NASA,0
Astro_Flow,Astro_Clay,0
Astro_Cady,ISS_Research,1
Astro_Cady,NASA_Astronauts,3
Astro_Cady,NASA,2
Astro_Cady,AstroKarenN,0
Astro_Cady,esaoperations,1
Astro_Cady,csa_asc,5
Astro_Cady,astro_reid,0
Astro_Cady,AstroSamantha,3
Astro_Cady,StationCDRKelly,0
Astro_Cady,AstroTerry,1
Astro_Cady,Astro_Wheels,0
Astro_Cady,Chief_Astronaut,0
Astro_Cady,Astro_Nicole,1
Astro_Cady,Astro_Andreas,0
Astro_Cady,Astro_Ron,0
Astro_Cady,AstroRM,1
Astro_Cady,Astro_Cady,2
Astro_Ferg,Commercial_Crew,1
Astro_Ferg,astro_reid,0
Astro_Clay,AstroDot,1
Astro_Clay,Astro_Soichi,0
Astro_Clay,Astro_Wheels,0
Astro_Clay,OlegMKS,0
Astro_Clay,Astro_Mike,0
Astro_Clay,Astro_Alex,0
Astro_Clay,astro_reid,0
Astro_Clay,Astro_Flow,0
AstroDot,NASA_NEEMO,1
AstroDot,Astro_Maker,0
AstroDot,astro_reid,1
AstroDot,NASA,4
AstroDot,AstroIllini,2
AstroDot,Astro_Mike,1
AstroDot,Astro_Cady,0
AstroDot,Astro2fish,2
AstroDot,astro_aggie,0
AstroDot,Cmdr_Hadfield,6
AstroDot,Astro_Suni,1
AstroDot,Astro_Clay,1
AstroDot,Aki_Hoshide,3
AstroDot,Astro_Flow,4
AstroDot,Astro_Satoshi,0
AstroDot,Astro_Andreas,0
AstroDot,NASA_Astronauts,1
AstroDot,DESERT_RATS,0
AstroDot,Astro_Kimiya,3
AstroDot,AstroMarshburn,0
AstroDot,CFuglesang,0
AstroDot,AstroIronMike,1
AstroDot,Thom_astro,0
AstroDot,AstroRM,0
AstroDot,MorpheusLander,0
AstroDot,Astro_Sandy,0
AstroDot,astro_luca,1
AstroDot,AstroAcaba,1
AstroDot,Astro_Soichi,0
AstroDot,astro_timpeake,0
AstroDot,Astro_DavidS,0
AstroDot,Astro_Jeremy,0
Astro_Wheels,NASA,2
Astro_Wheels,foreman_mike,1
Astro_Wheels,Cmdr_Hadfield,0
Astro_Wheels,Chief_Astronaut,1
Astro_Wheels,Astro_Ron,0
Astro_Wheels,astro_reid,2
Astro_Wheels,Astro_Alex,0
Astro_Wheels,Commercial_Crew,0
Astro_Wheels,astro_timpeake,0
Astro_Doug,AstroKarenN,9
Astro_Doug,NASA_Astronauts,1
Astro_Doug,astro_luca,2
Astro_Box,Chief_Astronaut,0
Astro_Box,astro_reid,0
Astro_Box,NASA,1
Astro_Box,AstroIronMike,3
Astro_Box,Astro_Nicole,1
Astro_Box,Astro_Wheels,1
Astro_Box,Astro_Cady,1
Astro_Box,Cmdr_Hadfield,0
Astro_Box,Astro_Clay,0
Astro_Box,ISS_Research,0
Astro2fish,Astro_Nicole,0
Astro2fish,Astro_Kate7,0
Astro2fish,AstroKarenN,0
Astro2fish,Commercial_Crew,0
Astro2fish,Astro2fish,2
Astro2fish,Astro_Rex,0
Astro2fish,AstroIronMike,0
Astro2fish,Cmdr_Hadfield,0
AstroAcaba,AstroDot,0
AstroAcaba,Aki_Hoshide,0
AstroKarenN,astro_reid,6
AstroKarenN,Chief_Astronaut,1
AstroKarenN,Astro_Wheels,0
AstroKarenN,OlegMKS,1
AstroKarenN,NASA,0
AstroKarenN,Astro_Wakata,0
AstroKarenN,AstroIllini,1
AstroKarenN,AstroRM,0
Astro_Kate7,NASA,0
Astro_Kate7,Astro_Mike,0
Astro_Kate7,Thom_astro,5
Astro_Kate7,astro_reid,0
Astro_Kate7,Astro_Nicole,0
Astro_Kate7,esaoperations,0
Astro_Kate7,Astro_Soichi,1
Astro_Kate7,AstroAcaba,1
Astro_Kate7,Astro_Andreas,4
Astro_Kate7,Astro2fish,0
Astro_Kate7,AstroIllini,1
Astro_Kate7,Astro_Clay,0
Astro_Kate7,StationCDRKelly,0
astro_kjell,astro_reid,2
astro_kjell,StationCDRKelly,1
astro_kjell,AstroKarenN,0
astro_kjell,Cmdr_Hadfield,0
astro_kjell,AstroMarshburn,1
astro_kjell,Astro_Jeremy,0
AstroIronMike,Astro_Nicole,1
AstroIronMike,NASA_Astronauts,1
AstroIronMike,NASA,8
AstroIronMike,Astro_Mike,0
AstroIronMike,Astro_Wakata,0
AstroIronMike,AstroKarenN,0
AstroIronMike,Cmdr_Hadfield,0
AstroIronMike,Astro2fish,1
AstroIronMike,Astro_Box,4
AstroIronMike,Astro_Satoshi,0
AstroIronMike,astro_luca,0
AstroIronMike,Astro_Taz,0
AstroIronMike,astro_paolo,0
foreman_mike,Chief_Astronaut,3
foreman_mike,Astro_Flow,3
foreman_mike,NASA,0
astro_aggie,astro_reid,3
astro_aggie,NASA,0
astro_aggie,Astro_Ron,1
astro_aggie,AstroSamantha,1
astro_aggie,AstroKarenN,0
astro_aggie,Astro_Cady,1
astro_aggie,Astro_Nicole,1
astro_aggie,astro_timpeake,0
astro_aggie,Chief_Astronaut,0
astro_aggie,Astro_Flow,0
astro_aggie,esaoperations,0
astro_aggie,StationCDRKelly,0
astro_aggie,Astro_Wheels,1
astro_aggie,AstroRM,0
astro_aggie,Astro_Ferg,0
astro_aggie,Astro_Satoshi,0
astro_aggie,astro_aggie,2
AstroIllini,ISS_Research,0
AstroIllini,AstroRM,0
Astro_Mike,NASA,0
Astro_Mike,AstroRM,0
Astro_Mike,astro_Pettit,1
Astro_Nicholas,NASA_Orion,0
Astro_Nicole,NASA,2
Astro_Nicole,OlegMKS,1
Astro_Nicole,Astro_Nicole,0
Astro_Nicole,Astro_Alex,1
Astro_Nicole,AstroKarenN,1
Astro_Nicole,astro_reid,1
Astro_Nicole,fka_roscosmos,0
Astro_Nicole,Astro_Wheels,0
Astro_Nicole,Msuraev,0
Astro_Nicole,Astro_Flow,0
Astro_Nicole,Astro_Sandy,0
Astro_Nicole,Astro_Ron,0
Astro_Nicole,AstroIllini,0
Astro_Nicole,Astro_Wakata,1
Astro_Nicole,AstroRM,0
Astro_Nicole,AstroTerry,0
astro_reid,Astro_Alex,1
astro_reid,esa,0
astro_reid,astro_reid,1
astro_reid,AstroSamantha,0
Astro_Rex,Astro_Ferg,0
AstroRM,NASA,0
AstroRM,AstroRM,2
Astro_Ron,astro_reid,3
Astro_Ron,Astro_Nicole,3
Astro_Ron,Astro_Alex,0
Astro_Ron,NASA,1
Astro_Ron,AstroKarenN,1
Astro_Ron,Astro_Cady,0
Astro_Ron,ISS_Research,0
Astro_Ron,astro_timpeake,0
Astro_Ron,Astro_Clay,0
Astro_Ron,Astro_Ron,2
Astro_Ron,Astro_Andreas,0
Astro_Ron,Astro_Wheels,0
Astro_Sandy,Astro_Clay,0
Astro_Sandy,Chief_Astronaut,1
Astro_Sandy,AstroSamantha,1
Astro_Sandy,Astro_Wakata,0
Astro_Sandy,OlegMKS,0
AstroSerena,Astro_Kate7,0
AstroSerena,Astro_Flow,0
StationCDRKelly,NASA,5
StationCDRKelly,ISS_Research,0
StationCDRKelly,Msuraev,0
StationCDRKelly,Astro_Alex,0
StationCDRKelly,StationCDRKelly,2
StationCDRKelly,Astro_Kate7,0
StationCDRKelly,AstroRM,0
Astro_Maker,astro_aggie,0
Astro_Maker,Astro_Maker,0
Astro_Maker,Astro_Clay,0
Astro_Maker,Astro_Kate7,0
Astro_Maker,AstroKarenN,0
Astro_Maker,AstroAcaba,0
Astro_Suni,AstroAcaba,0
AstroTerry,NASA,9
AstroTerry,astro_reid,9
AstroTerry,Astro_Alex,3
AstroTerry,astro_luca,0
AstroTerry,AstroSamantha,6
AstroTerry,AstroKarenN,0
AstroTerry,Astro_DavidS,0
AstroTerry,Astro_Nicole,0
AstroTerry,Astro_Cady,0
AstroTerry,Astro_Wheels,0
AstroTerry,AstroRobonaut,0
AstroTerry,AstroTerry,1
AstroMarshburn,AstroKarenN,0
AstroMarshburn,NASA,1
AstroMarshburn,csa_asc,0
AstroMarshburn,Astro_Mike,0
AstroMarshburn,NASA_Astronauts,0
AstroMarshburn,AstroRobonaut,1
AstroMarshburn,Cmdr_Hadfield,0
Astro_TJ,NASA,7
Astro_TJ,Astro_Alex,0
Astro_TJ,Astro_Cady,1
Astro_TJ,StationCDRKelly,0
Astro_TJ,ISS_Research,2
Astro_TJ,Astro_Mike,0
Astro_TJ,NASA_Astronauts,0
Astro_TJ,AstroRM,0
Astro_TJ,Astro_Clay,1
Chief_Astronaut,NASA,5
Chief_Astronaut,ISS_Research,0
Chief_Astronaut,Astro_Wheels,0
Chief_Astronaut,NASA_Astronauts,1
Chief_Astronaut,astro_reid,1
Chief_Astronaut,AstroTerry,1
Chief_Astronaut,NASA_NEEMO,0
Chief_Astronaut,Astro_Soichi,0
Chief_Astronaut,foreman_mike,0
Chief_Astronaut,Astro_Sandy,0
Commercial_Crew,NASA,13
Commercial_Crew,Commercial_Crew,3
DESERT_RATS,MorpheusLander,2
DESERT_RATS,NASA_NEEMO,3
DESERT_RATS,NASA,0
DESERT_RATS,DESERT_RATS,1
ISS_Research,Astro_Alex,25
ISS_Research,astro_reid,43
ISS_Research,NASA,7
ISS_Research,OlegMKS,3
ISS_Research,AstroSamantha,2
ISS_Research,csa_asc,0
ISS_Research,Astro_Nicole,0
ISS_Research,NASA_Astronauts,0
ISS_Research,Chief_Astronaut,0
NASAMightyEagle,MorpheusLander,2
NASA_NEEMO,Thom_astro,1
NASA_NEEMO,Aki_Hoshide,6
NASA_NEEMO,Astro_Jeremy,1
NASA_NEEMO,Chief_Astronaut,3
NASA_NEEMO,csa_asc,1
NASA_NEEMO,esaoperations,0
NASA_NEEMO,MorpheusLander,2
NASA_NEEMO,Astro_Nicole,1
NASA_NEEMO,StationCDRKelly,2
NASA_NEEMO,Astro_Wakata,0
NASA_NEEMO,DESERT_RATS,5
NASA_NEEMO,Astro_Kimiya,4
NASA_NEEMO,astro_timpeake,4
NASA_NEEMO,AstroDot,2
NASA_NEEMO,NASA,1
NASA_NEEMO,AstroSerena,0
NASA_NEEMO,Astro_Soichi,0
NASA_NEEMO,Astro_Andreas,1
NASA_NEEMO,Astro_DavidS,0
NASA_Orion,NASA_SLS,16
NASA_Orion,NASA,22
NASA_Orion,NASA_Orion,0
PavilionLake,DESERT_RATS,6
PavilionLake,HMP,2
PavilionLake,PavilionLake,1
MorpheusLander,NASA,2
MorpheusLander,MorpheusLander,0
AstroRobonaut,NASA,3
AstroRobonaut,AstroRM,0
AstroRobonaut,AstroTerry,1
AstroRobonaut,AstroKarenN,2
AstroRobonaut,astro_luca,3
AstroRobonaut,MorpheusLander,0
AstroRobonaut,AstroIllini,0
NASA_SLS,NASA,33
NASA_SLS,NASA_Orion,20
NASA_SLS,csa_asc,0
NASA_SLS,NASA_Astronauts,0
NASA_SLS,astro_reid,3
NASA_SLS,NASA_SLS,0
