esaoperations,asc_csa,False,True
esaoperations,Astro_Jeremy,False,False
esaoperations,Astro_DavidS,True,False
esaoperations,AstroDaveMD,False,False
esaoperations,Cmdr_Hadfield,True,False
esaoperations,RobertaBondar,False,False
esaoperations,RobertThirsk,False,True
esaoperations,AstroGarneau,False,False
esaoperations,fka_roscosmos,False,True
esaoperations,spacetitan,False,False
esaoperations,OlegMKS,True,False
esaoperations,Msuraev,True,False
esaoperations,AntonAstrey,False,False
esaoperations,NASA,True,True
esaoperations,NASA_Astronauts,True,False
esaoperations,NASAPeople,False,False
esaoperations,AstroClass2013,False,False
esaoperations,SciAstro,False,False
esaoperations,Astro_Flow,True,False
esaoperations,Astro_Cady,True,False
esaoperations,Astro_Ferg,True,False
esaoperations,Astro_Clay,True,False
esaoperations,AstroCoastie,False,False
esaoperations,astro_Pettit,True,False
esaoperations,AstroDot,True,False
esaoperations,Astro_Wheels,True,False
esaoperations,Astro_Doug,True,False
esaoperations,Astro_Taz,True,False
esaoperations,Astro_Box,True,False
esaoperations,Astro2fish,False,False
esaoperations,Astro_Jeff,False,False
esaoperations,AstroAcaba,True,False
esaoperations,AstroKarenN,True,False
esaoperations,Astro_Kate7,False,True
esaoperations,astro_kjell,False,False
esaoperations,Astro_127,False,False
esaoperations,AstroIronMike,True,False
esaoperations,foreman_mike,False,False
esaoperations,astro_aggie,True,False
esaoperations,AstroIllini,False,False
esaoperations,Astro_Mike,False,False
esaoperations,Astro_Nicholas,False,False
esaoperations,Astro_Nicole,False,False
esaoperations,astro_reid,True,False
esaoperations,Astro_Rex,True,False
esaoperations,AstroRM,True,False
esaoperations,Astro_Ron,True,False
esaoperations,Astro_Sandy,True,False
esaoperations,AstroSerena,True,False
esaoperations,StationCDRKelly,False,False
esaoperations,Astro_Maker,False,False
esaoperations,Astro_Suni,True,False
esaoperations,AstroTerry,False,False
esaoperations,astro_tim,False,False
esaoperations,AstroMarshburn,True,False
esaoperations,Astro_TJ,False,False
esaoperations,Chief_Astronaut,False,False
esaoperations,Commercial_Crew,True,False
esaoperations,DESERT_RATS,True,False
esaoperations,HMP,False,False
esaoperations,ISS_Research,True,True
esaoperations,NASAMightyEagle,False,False
esaoperations,NASA_NEEMO,True,True
esaoperations,NASA_Orion,True,True
esaoperations,PavilionLake,False,False
esaoperations,MorpheusLander,False,False
esaoperations,AstroRobonaut,True,False
esaoperations,NASA_SLS,True,True
Astro_Satoshi,Astro_Wakata,True,True
Astro_Satoshi,Astro_Soichi,True,False
Astro_Satoshi,Astro_Kimiya,True,True
Astro_Satoshi,JAXA_en,True,True
Astro_Satoshi,csa_asc,False,True
Astro_Satoshi,asc_csa,False,False
Astro_Satoshi,Astro_Jeremy,False,False
Astro_Satoshi,Astro_DavidS,False,False
Astro_Satoshi,AstroDaveMD,False,False
Astro_Satoshi,Cmdr_Hadfield,False,False
Astro_Satoshi,RobertaBondar,False,False
Astro_Satoshi,RobertThirsk,False,False
Astro_Satoshi,AstroGarneau,False,False
Astro_Satoshi,fka_roscosmos,False,False
Astro_Satoshi,spacetitan,False,False
Astro_Satoshi,OlegMKS,False,False
Astro_Satoshi,Msuraev,False,False
Astro_Satoshi,AntonAstrey,False,False
Astro_Satoshi,NASA,True,True
Astro_Satoshi,NASA_Astronauts,True,True
Astro_Satoshi,NASAPeople,False,False
Astro_Satoshi,AstroClass2013,False,False
Astro_Satoshi,SciAstro,False,False
Astro_Satoshi,Astro_Flow,False,False
Astro_Satoshi,Astro_Cady,True,True
Astro_Satoshi,Astro_Ferg,False,False
Astro_Satoshi,Astro_Clay,False,True
Astro_Satoshi,AstroCoastie,False,False
Astro_Satoshi,astro_Pettit,False,False
Astro_Satoshi,AstroDot,False,True
Astro_Satoshi,Astro_Wheels,False,False
Astro_Satoshi,Astro_Doug,False,False
Astro_Satoshi,Astro_Taz,False,False
Astro_Satoshi,Astro_Box,False,False
Astro_Satoshi,Astro2fish,False,True
Astro_Satoshi,Astro_Jeff,False,False
Astro_Satoshi,AstroAcaba,False,False
Astro_Satoshi,AstroKarenN,False,False
Astro_Satoshi,Astro_Kate7,False,False
Astro_Satoshi,astro_kjell,False,False
Astro_Satoshi,Astro_127,False,False
Astro_Satoshi,AstroIronMike,False,False
Astro_Satoshi,foreman_mike,False,False
Astro_Satoshi,astro_aggie,True,True
Astro_Satoshi,AstroIllini,False,False
Astro_Satoshi,Astro_Mike,False,False
Astro_Satoshi,Astro_Nicholas,False,False
Astro_Satoshi,Astro_Nicole,False,True
Astro_Satoshi,astro_reid,False,True
Astro_Satoshi,Astro_Rex,False,False
Astro_Satoshi,AstroRM,False,False
Astro_Satoshi,Astro_Ron,True,True
Astro_Satoshi,Astro_Sandy,False,False
Astro_Satoshi,AstroSerena,False,False
Astro_Satoshi,StationCDRKelly,False,False
Astro_Satoshi,Astro_Maker,False,True
Astro_Satoshi,Astro_Suni,False,False
Astro_Satoshi,AstroTerry,False,False
Astro_Satoshi,astro_tim,False,False
Astro_Satoshi,AstroMarshburn,False,False
Astro_Satoshi,Astro_TJ,False,False
Astro_Satoshi,Chief_Astronaut,True,False
Astro_Satoshi,Commercial_Crew,False,False
Astro_Satoshi,DESERT_RATS,False,False
Astro_Satoshi,HMP,False,False
Astro_Satoshi,ISS_Research,False,True
Astro_Satoshi,NASAMightyEagle,False,False
Astro_Satoshi,NASA_NEEMO,False,False
Astro_Satoshi,NASA_Orion,False,False
Astro_Satoshi,PavilionLake,False,False
Astro_Satoshi,MorpheusLander,False,False
Astro_Satoshi,AstroRobonaut,False,False
Astro_Satoshi,NASA_SLS,False,False
Astro_Wakata,Astro_Soichi,True,True
Astro_Wakata,Astro_Kimiya,True,True
Astro_Wakata,JAXA_en,True,True
Astro_Wakata,csa_asc,True,True
Astro_Wakata,asc_csa,False,False
Astro_Wakata,Astro_Jeremy,True,False
Astro_Wakata,Astro_DavidS,True,False
Astro_Wakata,AstroDaveMD,True,False
Astro_Wakata,Cmdr_Hadfield,True,False
Astro_Wakata,RobertaBondar,False,False
Astro_Wakata,RobertThirsk,False,False
Astro_Wakata,AstroGarneau,False,False
Astro_Wakata,fka_roscosmos,False,False
Astro_Wakata,spacetitan,False,False
Astro_Wakata,OlegMKS,True,True
Astro_Wakata,Msuraev,False,False
Astro_Wakata,AntonAstrey,False,False
Astro_Wakata,NASA,True,True
Astro_Wakata,NASA_Astronauts,True,True
Astro_Wakata,NASAPeople,False,False
Astro_Wakata,AstroClass2013,False,False
Astro_Wakata,SciAstro,True,False
Astro_Wakata,Astro_Flow,True,True
Astro_Wakata,Astro_Cady,True,True
Astro_Wakata,Astro_Ferg,True,False
Astro_Wakata,Astro_Clay,True,True
Astro_Wakata,AstroCoastie,False,False
Astro_Wakata,astro_Pettit,False,False
Astro_Wakata,AstroDot,True,False
Astro_Wakata,Astro_Wheels,True,True
Astro_Wakata,Astro_Doug,True,False
Astro_Wakata,Astro_Taz,False,False
Astro_Wakata,Astro_Box,True,False
Astro_Wakata,Astro2fish,True,False
Astro_Wakata,Astro_Jeff,True,False
Astro_Wakata,AstroAcaba,True,False
Astro_Wakata,AstroKarenN,True,True
Astro_Wakata,Astro_Kate7,False,True
Astro_Wakata,astro_kjell,True,False
Astro_Wakata,Astro_127,False,False
Astro_Wakata,AstroIronMike,True,False
Astro_Wakata,foreman_mike,True,False
Astro_Wakata,astro_aggie,True,True
Astro_Wakata,AstroIllini,True,False
Astro_Wakata,Astro_Mike,True,False
Astro_Wakata,Astro_Nicholas,False,False
Astro_Wakata,Astro_Nicole,True,True
Astro_Wakata,astro_reid,True,True
Astro_Wakata,Astro_Rex,True,False
Astro_Wakata,AstroRM,True,True
Astro_Wakata,Astro_Ron,True,True
Astro_Wakata,Astro_Sandy,True,False
Astro_Wakata,AstroSerena,False,False
Astro_Wakata,StationCDRKelly,True,False
Astro_Wakata,Astro_Maker,False,True
Astro_Wakata,Astro_Suni,False,False
Astro_Wakata,AstroTerry,True,False
Astro_Wakata,astro_tim,False,False
Astro_Wakata,AstroMarshburn,True,True
Astro_Wakata,Astro_TJ,False,False
Astro_Wakata,Chief_Astronaut,True,True
Astro_Wakata,Commercial_Crew,True,False
Astro_Wakata,DESERT_RATS,False,False
Astro_Wakata,HMP,False,False
Astro_Wakata,ISS_Research,True,True
Astro_Wakata,NASAMightyEagle,False,False
Astro_Wakata,NASA_NEEMO,True,False
Astro_Wakata,NASA_Orion,True,False
Astro_Wakata,PavilionLake,False,False
Astro_Wakata,MorpheusLander,False,False
Astro_Wakata,AstroRobonaut,True,False
Astro_Wakata,NASA_SLS,True,False
Astro_Soichi,Astro_Kimiya,False,True
Astro_Soichi,JAXA_en,False,False
Astro_Soichi,csa_asc,False,True
Astro_Soichi,asc_csa,False,False
Astro_Soichi,Astro_Jeremy,False,False
Astro_Soichi,Astro_DavidS,False,False
Astro_Soichi,AstroDaveMD,False,False
Astro_Soichi,Cmdr_Hadfield,True,False
Astro_Soichi,RobertaBondar,False,False
Astro_Soichi,RobertThirsk,False,False
Astro_Soichi,AstroGarneau,False,False
Astro_Soichi,fka_roscosmos,False,False
Astro_Soichi,spacetitan,False,False
Astro_Soichi,OlegMKS,False,False
Astro_Soichi,Msuraev,False,False
Astro_Soichi,AntonAstrey,False,False
Astro_Soichi,NASA,True,True
Astro_Soichi,NASA_Astronauts,True,True
Astro_Soichi,NASAPeople,False,False
Astro_Soichi,AstroClass2013,True,False
Astro_Soichi,SciAstro,False,False
Astro_Soichi,Astro_Flow,False,True
Astro_Soichi,Astro_Cady,False,True
Astro_Soichi,Astro_Ferg,False,False
Astro_Soichi,Astro_Clay,False,True
Astro_Soichi,AstroCoastie,False,False
Astro_Soichi,astro_Pettit,False,False
Astro_Soichi,AstroDot,False,True
Astro_Soichi,Astro_Wheels,False,False
Astro_Soichi,Astro_Doug,False,False
Astro_Soichi,Astro_Taz,False,False
Astro_Soichi,Astro_Box,False,False
Astro_Soichi,Astro2fish,False,True
Astro_Soichi,Astro_Jeff,False,False
Astro_Soichi,AstroAcaba,False,True
Astro_Soichi,AstroKarenN,False,False
Astro_Soichi,Astro_Kate7,False,True
Astro_Soichi,astro_kjell,False,True
Astro_Soichi,Astro_127,False,False
Astro_Soichi,AstroIronMike,False,False
Astro_Soichi,foreman_mike,False,False
Astro_Soichi,astro_aggie,False,False
Astro_Soichi,AstroIllini,False,False
Astro_Soichi,Astro_Mike,False,False
Astro_Soichi,Astro_Nicholas,False,False
Astro_Soichi,Astro_Nicole,False,True
Astro_Soichi,astro_reid,False,False
Astro_Soichi,Astro_Rex,False,False
Astro_Soichi,AstroRM,False,False
Astro_Soichi,Astro_Ron,False,True
Astro_Soichi,Astro_Sandy,False,False
Astro_Soichi,AstroSerena,False,False
Astro_Soichi,StationCDRKelly,False,False
Astro_Soichi,Astro_Maker,False,True
Astro_Soichi,Astro_Suni,False,False
Astro_Soichi,AstroTerry,False,True
Astro_Soichi,astro_tim,False,False
Astro_Soichi,AstroMarshburn,False,False
Astro_Soichi,Astro_TJ,False,True
Astro_Soichi,Chief_Astronaut,False,True
Astro_Soichi,Commercial_Crew,False,True
Astro_Soichi,DESERT_RATS,False,False
Astro_Soichi,HMP,False,False
Astro_Soichi,ISS_Research,False,True
Astro_Soichi,NASAMightyEagle,False,False
Astro_Soichi,NASA_NEEMO,False,False
Astro_Soichi,NASA_Orion,False,False
Astro_Soichi,PavilionLake,False,False
Astro_Soichi,MorpheusLander,False,False
Astro_Soichi,AstroRobonaut,False,False
Astro_Soichi,NASA_SLS,False,True
Astro_Kimiya,JAXA_en,True,False
Astro_Kimiya,csa_asc,False,False
Astro_Kimiya,asc_csa,False,False
Astro_Kimiya,Astro_Jeremy,True,False
Astro_Kimiya,Astro_DavidS,True,False
Astro_Kimiya,AstroDaveMD,False,False
Astro_Kimiya,Cmdr_Hadfield,False,False
Astro_Kimiya,RobertaBondar,False,False
Astro_Kimiya,RobertThirsk,False,False
Astro_Kimiya,AstroGarneau,False,False
Astro_Kimiya,fka_roscosmos,False,False
Astro_Kimiya,spacetitan,False,False
Astro_Kimiya,OlegMKS,False,False
Astro_Kimiya,Msuraev,False,False
Astro_Kimiya,AntonAstrey,False,False
Astro_Kimiya,NASA,True,False
Astro_Kimiya,NASA_Astronauts,True,False
Astro_Kimiya,NASAPeople,False,False
Astro_Kimiya,AstroClass2013,False,False
Astro_Kimiya,SciAstro,False,False
Astro_Kimiya,Astro_Flow,False,False
Astro_Kimiya,Astro_Cady,False,True
Astro_Kimiya,Astro_Ferg,False,False
Astro_Kimiya,Astro_Clay,False,False
Astro_Kimiya,AstroCoastie,False,False
Astro_Kimiya,astro_Pettit,False,False
Astro_Kimiya,AstroDot,True,True
Astro_Kimiya,Astro_Wheels,False,False
Astro_Kimiya,Astro_Doug,False,False
Astro_Kimiya,Astro_Taz,False,False
Astro_Kimiya,Astro_Box,False,False
Astro_Kimiya,Astro2fish,True,True
Astro_Kimiya,Astro_Jeff,False,False
Astro_Kimiya,AstroAcaba,False,False
Astro_Kimiya,AstroKarenN,False,False
Astro_Kimiya,Astro_Kate7,False,True
Astro_Kimiya,astro_kjell,True,True
Astro_Kimiya,Astro_127,False,False
Astro_Kimiya,AstroIronMike,False,False
Astro_Kimiya,foreman_mike,False,False
Astro_Kimiya,astro_aggie,False,True
Astro_Kimiya,AstroIllini,True,False
Astro_Kimiya,Astro_Mike,False,False
Astro_Kimiya,Astro_Nicholas,False,False
Astro_Kimiya,Astro_Nicole,False,True
Astro_Kimiya,astro_reid,False,False
Astro_Kimiya,Astro_Rex,False,False
Astro_Kimiya,AstroRM,False,False
Astro_Kimiya,Astro_Ron,False,False
Astro_Kimiya,Astro_Sandy,False,False
Astro_Kimiya,AstroSerena,True,False
Astro_Kimiya,StationCDRKelly,False,False
Astro_Kimiya,Astro_Maker,True,True
Astro_Kimiya,Astro_Suni,False,False
Astro_Kimiya,AstroTerry,False,False
Astro_Kimiya,astro_tim,False,False
Astro_Kimiya,AstroMarshburn,False,False
Astro_Kimiya,Astro_TJ,False,False
Astro_Kimiya,Chief_Astronaut,False,False
Astro_Kimiya,Commercial_Crew,False,False
Astro_Kimiya,DESERT_RATS,False,False
Astro_Kimiya,HMP,False,False
Astro_Kimiya,ISS_Research,False,True
Astro_Kimiya,NASAMightyEagle,False,False
Astro_Kimiya,NASA_NEEMO,True,False
Astro_Kimiya,NASA_Orion,True,False
Astro_Kimiya,PavilionLake,False,False
Astro_Kimiya,MorpheusLander,False,False
Astro_Kimiya,AstroRobonaut,False,False
Astro_Kimiya,NASA_SLS,False,False
JAXA_en,csa_asc,False,True
JAXA_en,asc_csa,False,False
JAXA_en,Astro_Jeremy,False,False
JAXA_en,Astro_DavidS,False,False
JAXA_en,AstroDaveMD,False,False
JAXA_en,Cmdr_Hadfield,False,False
JAXA_en,RobertaBondar,False,False
JAXA_en,RobertThirsk,False,False
JAXA_en,AstroGarneau,False,False
JAXA_en,fka_roscosmos,False,False
JAXA_en,spacetitan,False,False
JAXA_en,OlegMKS,False,False
JAXA_en,Msuraev,False,False
JAXA_en,AntonAstrey,False,False
JAXA_en,NASA,False,True
JAXA_en,NASA_Astronauts,False,False
JAXA_en,NASAPeople,False,False
JAXA_en,AstroClass2013,False,False
JAXA_en,SciAstro,False,False
JAXA_en,Astro_Flow,False,True
JAXA_en,Astro_Cady,False,False
JAXA_en,Astro_Ferg,False,False
JAXA_en,Astro_Clay,False,False
JAXA_en,AstroCoastie,False,False
JAXA_en,astro_Pettit,False,False
JAXA_en,AstroDot,False,False
JAXA_en,Astro_Wheels,False,False
JAXA_en,Astro_Doug,False,False
JAXA_en,Astro_Taz,False,False
JAXA_en,Astro_Box,False,False
JAXA_en,Astro2fish,False,False
JAXA_en,Astro_Jeff,False,False
JAXA_en,AstroAcaba,False,False
JAXA_en,AstroKarenN,False,False
JAXA_en,Astro_Kate7,False,False
JAXA_en,astro_kjell,False,False
JAXA_en,Astro_127,False,False
JAXA_en,AstroIronMike,False,False
JAXA_en,foreman_mike,False,False
JAXA_en,astro_aggie,False,False
JAXA_en,AstroIllini,False,False
JAXA_en,Astro_Mike,False,False
JAXA_en,Astro_Nicholas,False,False
JAXA_en,Astro_Nicole,False,True
JAXA_en,astro_reid,False,False
JAXA_en,Astro_Rex,False,False
JAXA_en,AstroRM,False,False
JAXA_en,Astro_Ron,False,False
JAXA_en,Astro_Sandy,False,False
JAXA_en,AstroSerena,False,False
JAXA_en,StationCDRKelly,False,False
JAXA_en,Astro_Maker,False,False
JAXA_en,Astro_Suni,False,False
JAXA_en,AstroTerry,False,False
JAXA_en,astro_tim,False,False
JAXA_en,AstroMarshburn,False,False
JAXA_en,Astro_TJ,False,False
JAXA_en,Chief_Astronaut,False,False
JAXA_en,Commercial_Crew,False,True
JAXA_en,DESERT_RATS,False,False
JAXA_en,HMP,False,False
JAXA_en,ISS_Research,False,True
JAXA_en,NASAMightyEagle,False,False
JAXA_en,NASA_NEEMO,False,False
JAXA_en,NASA_Orion,False,False
JAXA_en,PavilionLake,False,False
JAXA_en,MorpheusLander,False,False
JAXA_en,AstroRobonaut,False,False
JAXA_en,NASA_SLS,False,False
csa_asc,asc_csa,True,True
csa_asc,Astro_Jeremy,True,True
csa_asc,Astro_DavidS,True,True
csa_asc,AstroDaveMD,True,True
csa_asc,Cmdr_Hadfield,True,True
csa_asc,RobertaBondar,True,False
csa_asc,RobertThirsk,True,True
csa_asc,AstroGarneau,False,False
csa_asc,fka_roscosmos,True,False
csa_asc,spacetitan,False,False
csa_asc,OlegMKS,True,False
csa_asc,Msuraev,True,False
csa_asc,AntonAstrey,True,False
csa_asc,NASA,True,True
csa_asc,NASA_Astronauts,True,False
csa_asc,NASAPeople,False,True
csa_asc,AstroClass2013,True,False
csa_asc,SciAstro,True,False
csa_asc,Astro_Flow,True,False
csa_asc,Astro_Cady,True,True
csa_asc,Astro_Ferg,True,False
csa_asc,Astro_Clay,True,False
csa_asc,AstroCoastie,True,False
csa_asc,astro_Pettit,True,False
csa_asc,AstroDot,True,False
csa_asc,Astro_Wheels,True,True
csa_asc,Astro_Doug,True,False
csa_asc,Astro_Taz,False,False
csa_asc,Astro_Box,False,False
csa_asc,Astro2fish,True,True
csa_asc,Astro_Jeff,False,False
csa_asc,AstroAcaba,False,False
csa_asc,AstroKarenN,True,False
csa_asc,Astro_Kate7,True,True
csa_asc,astro_kjell,True,True
csa_asc,Astro_127,False,False
csa_asc,AstroIronMike,False,False
csa_asc,foreman_mike,True,False
csa_asc,astro_aggie,True,False
csa_asc,AstroIllini,True,False
csa_asc,Astro_Mike,True,False
csa_asc,Astro_Nicholas,False,False
csa_asc,Astro_Nicole,True,True
csa_asc,astro_reid,True,False
csa_asc,Astro_Rex,False,False
csa_asc,AstroRM,True,False
csa_asc,Astro_Ron,True,True
csa_asc,Astro_Sandy,False,False
csa_asc,AstroSerena,True,False
csa_asc,StationCDRKelly,True,False
csa_asc,Astro_Maker,True,True
csa_asc,Astro_Suni,True,False
csa_asc,AstroTerry,True,False
csa_asc,astro_tim,False,False
csa_asc,AstroMarshburn,True,False
csa_asc,Astro_TJ,False,False
csa_asc,Chief_Astronaut,True,False
csa_asc,Commercial_Crew,False,False
csa_asc,DESERT_RATS,False,True
csa_asc,HMP,True,False
csa_asc,ISS_Research,True,True
csa_asc,NASAMightyEagle,False,False
csa_asc,NASA_NEEMO,True,False
csa_asc,NASA_Orion,True,False
csa_asc,PavilionLake,True,False
csa_asc,MorpheusLander,True,False
csa_asc,AstroRobonaut,False,False
csa_asc,NASA_SLS,False,False
asc_csa,Astro_Jeremy,True,True
asc_csa,Astro_DavidS,True,True
asc_csa,AstroDaveMD,True,False
asc_csa,Cmdr_Hadfield,True,False
asc_csa,RobertaBondar,False,False
asc_csa,RobertThirsk,True,True
asc_csa,AstroGarneau,False,False
asc_csa,fka_roscosmos,False,False
asc_csa,spacetitan,False,False
asc_csa,OlegMKS,False,False
asc_csa,Msuraev,False,False
asc_csa,AntonAstrey,False,False
asc_csa,NASA,True,False
asc_csa,NASA_Astronauts,True,False
asc_csa,NASAPeople,False,False
asc_csa,AstroClass2013,False,False
asc_csa,SciAstro,False,False
asc_csa,Astro_Flow,False,False
asc_csa,Astro_Cady,False,False
asc_csa,Astro_Ferg,False,False
asc_csa,Astro_Clay,False,False
asc_csa,AstroCoastie,False,False
asc_csa,astro_Pettit,False,False
asc_csa,AstroDot,False,False
asc_csa,Astro_Wheels,False,False
asc_csa,Astro_Doug,False,False
asc_csa,Astro_Taz,False,False
asc_csa,Astro_Box,False,False
asc_csa,Astro2fish,False,False
asc_csa,Astro_Jeff,False,False
asc_csa,AstroAcaba,False,False
asc_csa,AstroKarenN,True,False
asc_csa,Astro_Kate7,False,False
asc_csa,astro_kjell,False,False
asc_csa,Astro_127,False,False
asc_csa,AstroIronMike,False,False
asc_csa,foreman_mike,False,False
asc_csa,astro_aggie,False,False
asc_csa,AstroIllini,False,False
asc_csa,Astro_Mike,False,False
asc_csa,Astro_Nicholas,False,False
asc_csa,Astro_Nicole,False,False
asc_csa,astro_reid,True,False
asc_csa,Astro_Rex,False,False
asc_csa,AstroRM,False,False
asc_csa,Astro_Ron,False,False
asc_csa,Astro_Sandy,False,False
asc_csa,AstroSerena,False,False
asc_csa,StationCDRKelly,False,False
asc_csa,Astro_Maker,False,False
asc_csa,Astro_Suni,False,False
asc_csa,AstroTerry,False,False
asc_csa,astro_tim,False,False
asc_csa,AstroMarshburn,False,False
asc_csa,Astro_TJ,False,False
asc_csa,Chief_Astronaut,False,False
asc_csa,Commercial_Crew,False,False
asc_csa,DESERT_RATS,False,False
asc_csa,HMP,False,False
asc_csa,ISS_Research,False,False
asc_csa,NASAMightyEagle,False,False
asc_csa,NASA_NEEMO,False,False
asc_csa,NASA_Orion,False,False
asc_csa,PavilionLake,False,False
asc_csa,MorpheusLander,False,False
asc_csa,AstroRobonaut,False,False
asc_csa,NASA_SLS,False,False
Astro_Jeremy,Astro_DavidS,True,True
Astro_Jeremy,AstroDaveMD,True,True
Astro_Jeremy,Cmdr_Hadfield,True,True
Astro_Jeremy,RobertaBondar,False,False
Astro_Jeremy,RobertThirsk,True,True
Astro_Jeremy,AstroGarneau,False,False
Astro_Jeremy,fka_roscosmos,False,False
Astro_Jeremy,spacetitan,False,False
Astro_Jeremy,OlegMKS,False,False
Astro_Jeremy,Msuraev,False,False
Astro_Jeremy,AntonAstrey,False,False
Astro_Jeremy,NASA,False,True
Astro_Jeremy,NASA_Astronauts,True,True
Astro_Jeremy,NASAPeople,False,False
Astro_Jeremy,AstroClass2013,True,False
Astro_Jeremy,SciAstro,True,False
Astro_Jeremy,Astro_Flow,False,True
Astro_Jeremy,Astro_Cady,False,True
Astro_Jeremy,Astro_Ferg,True,False
Astro_Jeremy,Astro_Clay,False,True
Astro_Jeremy,AstroCoastie,False,False
Astro_Jeremy,astro_Pettit,True,False
Astro_Jeremy,AstroDot,True,True
Astro_Jeremy,Astro_Wheels,False,True
Astro_Jeremy,Astro_Doug,False,False
Astro_Jeremy,Astro_Taz,False,False
Astro_Jeremy,Astro_Box,False,False
Astro_Jeremy,Astro2fish,True,True
Astro_Jeremy,Astro_Jeff,False,False
Astro_Jeremy,AstroAcaba,False,False
Astro_Jeremy,AstroKarenN,True,False
Astro_Jeremy,Astro_Kate7,True,True
Astro_Jeremy,astro_kjell,True,True
Astro_Jeremy,Astro_127,False,False
Astro_Jeremy,AstroIronMike,False,False
Astro_Jeremy,foreman_mike,False,False
Astro_Jeremy,astro_aggie,True,True
Astro_Jeremy,AstroIllini,True,False
Astro_Jeremy,Astro_Mike,False,False
Astro_Jeremy,Astro_Nicholas,False,False
Astro_Jeremy,Astro_Nicole,False,True
Astro_Jeremy,astro_reid,True,True
Astro_Jeremy,Astro_Rex,False,False
Astro_Jeremy,AstroRM,True,False
Astro_Jeremy,Astro_Ron,False,True
Astro_Jeremy,Astro_Sandy,False,False
Astro_Jeremy,AstroSerena,True,False
Astro_Jeremy,StationCDRKelly,False,False
Astro_Jeremy,Astro_Maker,False,True
Astro_Jeremy,Astro_Suni,True,False
Astro_Jeremy,AstroTerry,False,True
Astro_Jeremy,astro_tim,False,False
Astro_Jeremy,AstroMarshburn,False,False
Astro_Jeremy,Astro_TJ,False,False
Astro_Jeremy,Chief_Astronaut,True,False
Astro_Jeremy,Commercial_Crew,False,False
Astro_Jeremy,DESERT_RATS,False,False
Astro_Jeremy,HMP,False,False
Astro_Jeremy,ISS_Research,False,True
Astro_Jeremy,NASAMightyEagle,False,False
Astro_Jeremy,NASA_NEEMO,True,True
Astro_Jeremy,NASA_Orion,False,False
Astro_Jeremy,PavilionLake,False,False
Astro_Jeremy,MorpheusLander,False,False
Astro_Jeremy,AstroRobonaut,False,False
Astro_Jeremy,NASA_SLS,False,False
Astro_DavidS,AstroDaveMD,False,True
Astro_DavidS,Cmdr_Hadfield,True,True
Astro_DavidS,RobertaBondar,False,True
Astro_DavidS,RobertThirsk,False,True
Astro_DavidS,AstroGarneau,False,False
Astro_DavidS,fka_roscosmos,False,False
Astro_DavidS,spacetitan,False,False
Astro_DavidS,OlegMKS,False,False
Astro_DavidS,Msuraev,False,False
Astro_DavidS,AntonAstrey,False,False
Astro_DavidS,NASA,True,True
Astro_DavidS,NASA_Astronauts,True,False
Astro_DavidS,NASAPeople,False,False
Astro_DavidS,AstroClass2013,False,False
Astro_DavidS,SciAstro,False,False
Astro_DavidS,Astro_Flow,False,True
Astro_DavidS,Astro_Cady,False,True
Astro_DavidS,Astro_Ferg,False,False
Astro_DavidS,Astro_Clay,False,True
Astro_DavidS,AstroCoastie,False,False
Astro_DavidS,astro_Pettit,False,False
Astro_DavidS,AstroDot,False,True
Astro_DavidS,Astro_Wheels,False,True
Astro_DavidS,Astro_Doug,False,False
Astro_DavidS,Astro_Taz,False,False
Astro_DavidS,Astro_Box,False,False
Astro_DavidS,Astro2fish,False,True
Astro_DavidS,Astro_Jeff,False,False
Astro_DavidS,AstroAcaba,False,False
Astro_DavidS,AstroKarenN,False,False
Astro_DavidS,Astro_Kate7,False,True
Astro_DavidS,astro_kjell,False,True
Astro_DavidS,Astro_127,False,False
Astro_DavidS,AstroIronMike,False,False
Astro_DavidS,foreman_mike,False,False
Astro_DavidS,astro_aggie,False,True
Astro_DavidS,AstroIllini,False,False
Astro_DavidS,Astro_Mike,False,False
Astro_DavidS,Astro_Nicholas,False,False
Astro_DavidS,Astro_Nicole,False,True
Astro_DavidS,astro_reid,False,False
Astro_DavidS,Astro_Rex,False,False
Astro_DavidS,AstroRM,False,False
Astro_DavidS,Astro_Ron,False,True
Astro_DavidS,Astro_Sandy,False,False
Astro_DavidS,AstroSerena,False,False
Astro_DavidS,StationCDRKelly,False,False
Astro_DavidS,Astro_Maker,False,True
Astro_DavidS,Astro_Suni,False,False
Astro_DavidS,AstroTerry,False,False
Astro_DavidS,astro_tim,False,False
Astro_DavidS,AstroMarshburn,False,True
Astro_DavidS,Astro_TJ,False,False
Astro_DavidS,Chief_Astronaut,False,True
Astro_DavidS,Commercial_Crew,False,False
Astro_DavidS,DESERT_RATS,False,False
Astro_DavidS,HMP,False,False
Astro_DavidS,ISS_Research,False,True
Astro_DavidS,NASAMightyEagle,False,False
Astro_DavidS,NASA_NEEMO,False,False
Astro_DavidS,NASA_Orion,False,False
Astro_DavidS,PavilionLake,False,False
Astro_DavidS,MorpheusLander,False,False
Astro_DavidS,AstroRobonaut,False,False
Astro_DavidS,NASA_SLS,False,False
AstroDaveMD,Cmdr_Hadfield,True,True
AstroDaveMD,RobertaBondar,False,False
AstroDaveMD,RobertThirsk,True,True
AstroDaveMD,AstroGarneau,False,False
AstroDaveMD,fka_roscosmos,False,False
AstroDaveMD,spacetitan,False,False
AstroDaveMD,OlegMKS,False,False
AstroDaveMD,Msuraev,False,False
AstroDaveMD,AntonAstrey,False,False
AstroDaveMD,NASA,True,False
AstroDaveMD,NASA_Astronauts,False,False
AstroDaveMD,NASAPeople,False,False
AstroDaveMD,AstroClass2013,False,False
AstroDaveMD,SciAstro,True,False
AstroDaveMD,Astro_Flow,True,False
AstroDaveMD,Astro_Cady,False,True
AstroDaveMD,Astro_Ferg,True,False
AstroDaveMD,Astro_Clay,True,True
AstroDaveMD,AstroCoastie,False,False
AstroDaveMD,astro_Pettit,False,False
AstroDaveMD,AstroDot,True,True
AstroDaveMD,Astro_Wheels,False,False
AstroDaveMD,Astro_Doug,False,False
AstroDaveMD,Astro_Taz,False,False
AstroDaveMD,Astro_Box,True,False
AstroDaveMD,Astro2fish,False,False
AstroDaveMD,Astro_Jeff,False,False
AstroDaveMD,AstroAcaba,False,False
AstroDaveMD,AstroKarenN,False,False
AstroDaveMD,Astro_Kate7,False,True
AstroDaveMD,astro_kjell,False,False
AstroDaveMD,Astro_127,False,False
AstroDaveMD,AstroIronMike,False,False
AstroDaveMD,foreman_mike,True,False
AstroDaveMD,astro_aggie,True,False
AstroDaveMD,AstroIllini,False,False
AstroDaveMD,Astro_Mike,False,False
AstroDaveMD,Astro_Nicholas,False,False
AstroDaveMD,Astro_Nicole,False,True
AstroDaveMD,astro_reid,False,False
AstroDaveMD,Astro_Rex,True,False
AstroDaveMD,AstroRM,True,False
AstroDaveMD,Astro_Ron,True,True
AstroDaveMD,Astro_Sandy,False,False
AstroDaveMD,AstroSerena,False,False
AstroDaveMD,StationCDRKelly,True,False
AstroDaveMD,Astro_Maker,False,True
AstroDaveMD,Astro_Suni,True,True
AstroDaveMD,AstroTerry,True,False
AstroDaveMD,astro_tim,False,False
AstroDaveMD,AstroMarshburn,True,False
AstroDaveMD,Astro_TJ,False,False
AstroDaveMD,Chief_Astronaut,False,False
AstroDaveMD,Commercial_Crew,False,False
AstroDaveMD,DESERT_RATS,False,False
AstroDaveMD,HMP,False,False
AstroDaveMD,ISS_Research,True,True
AstroDaveMD,NASAMightyEagle,False,False
AstroDaveMD,NASA_NEEMO,True,False
AstroDaveMD,NASA_Orion,False,False
AstroDaveMD,PavilionLake,False,False
AstroDaveMD,MorpheusLander,False,False
AstroDaveMD,AstroRobonaut,True,False
AstroDaveMD,NASA_SLS,False,True
Cmdr_Hadfield,RobertaBondar,False,False
Cmdr_Hadfield,RobertThirsk,False,True
Cmdr_Hadfield,AstroGarneau,False,False
Cmdr_Hadfield,fka_roscosmos,False,False
Cmdr_Hadfield,spacetitan,False,False
Cmdr_Hadfield,OlegMKS,False,False
Cmdr_Hadfield,Msuraev,True,False
Cmdr_Hadfield,AntonAstrey,False,False
Cmdr_Hadfield,NASA,True,True
Cmdr_Hadfield,NASA_Astronauts,False,False
Cmdr_Hadfield,NASAPeople,False,True
Cmdr_Hadfield,AstroClass2013,False,False
Cmdr_Hadfield,SciAstro,False,False
Cmdr_Hadfield,Astro_Flow,False,True
Cmdr_Hadfield,Astro_Cady,True,True
Cmdr_Hadfield,Astro_Ferg,False,False
Cmdr_Hadfield,Astro_Clay,False,True
Cmdr_Hadfield,AstroCoastie,False,True
Cmdr_Hadfield,astro_Pettit,True,True
Cmdr_Hadfield,AstroDot,False,True
Cmdr_Hadfield,Astro_Wheels,True,True
Cmdr_Hadfield,Astro_Doug,False,False
Cmdr_Hadfield,Astro_Taz,False,False
Cmdr_Hadfield,Astro_Box,False,False
Cmdr_Hadfield,Astro2fish,False,True
Cmdr_Hadfield,Astro_Jeff,False,False
Cmdr_Hadfield,AstroAcaba,False,False
Cmdr_Hadfield,AstroKarenN,True,True
Cmdr_Hadfield,Astro_Kate7,False,True
Cmdr_Hadfield,astro_kjell,False,True
Cmdr_Hadfield,Astro_127,False,False
Cmdr_Hadfield,AstroIronMike,False,False
Cmdr_Hadfield,foreman_mike,False,False
Cmdr_Hadfield,astro_aggie,False,True
Cmdr_Hadfield,AstroIllini,False,False
Cmdr_Hadfield,Astro_Mike,False,True
Cmdr_Hadfield,Astro_Nicholas,False,False
Cmdr_Hadfield,Astro_Nicole,False,True
Cmdr_Hadfield,astro_reid,True,True
Cmdr_Hadfield,Astro_Rex,False,False
Cmdr_Hadfield,AstroRM,False,False
Cmdr_Hadfield,Astro_Ron,False,True
Cmdr_Hadfield,Astro_Sandy,False,False
Cmdr_Hadfield,AstroSerena,False,False
Cmdr_Hadfield,StationCDRKelly,False,False
Cmdr_Hadfield,Astro_Maker,False,True
Cmdr_Hadfield,Astro_Suni,True,True
Cmdr_Hadfield,AstroTerry,False,True
Cmdr_Hadfield,astro_tim,False,False
Cmdr_Hadfield,AstroMarshburn,True,True
Cmdr_Hadfield,Astro_TJ,False,False
Cmdr_Hadfield,Chief_Astronaut,False,False
Cmdr_Hadfield,Commercial_Crew,False,False
Cmdr_Hadfield,DESERT_RATS,False,False
Cmdr_Hadfield,HMP,False,False
Cmdr_Hadfield,ISS_Research,True,True
Cmdr_Hadfield,NASAMightyEagle,False,False
Cmdr_Hadfield,NASA_NEEMO,True,False
Cmdr_Hadfield,NASA_Orion,False,True
Cmdr_Hadfield,PavilionLake,False,True
Cmdr_Hadfield,MorpheusLander,False,False
Cmdr_Hadfield,AstroRobonaut,False,False
Cmdr_Hadfield,NASA_SLS,False,True
RobertaBondar,RobertThirsk,False,False
RobertaBondar,AstroGarneau,False,False
RobertaBondar,fka_roscosmos,False,False
RobertaBondar,spacetitan,False,False
RobertaBondar,OlegMKS,False,False
RobertaBondar,Msuraev,False,False
RobertaBondar,AntonAstrey,False,False
RobertaBondar,NASA,False,False
RobertaBondar,NASA_Astronauts,False,False
RobertaBondar,NASAPeople,False,False
RobertaBondar,AstroClass2013,False,False
RobertaBondar,SciAstro,False,False
RobertaBondar,Astro_Flow,False,False
RobertaBondar,Astro_Cady,False,False
RobertaBondar,Astro_Ferg,False,False
RobertaBondar,Astro_Clay,False,False
RobertaBondar,AstroCoastie,False,False
RobertaBondar,astro_Pettit,False,False
RobertaBondar,AstroDot,False,False
RobertaBondar,Astro_Wheels,False,False
RobertaBondar,Astro_Doug,False,False
RobertaBondar,Astro_Taz,False,False
RobertaBondar,Astro_Box,False,False
RobertaBondar,Astro2fish,False,False
RobertaBondar,Astro_Jeff,False,False
RobertaBondar,AstroAcaba,False,False
RobertaBondar,AstroKarenN,False,False
RobertaBondar,Astro_Kate7,False,False
RobertaBondar,astro_kjell,False,False
RobertaBondar,Astro_127,False,False
RobertaBondar,AstroIronMike,False,False
RobertaBondar,foreman_mike,False,False
RobertaBondar,astro_aggie,False,False
RobertaBondar,AstroIllini,False,False
RobertaBondar,Astro_Mike,False,False
RobertaBondar,Astro_Nicholas,False,False
RobertaBondar,Astro_Nicole,False,False
RobertaBondar,astro_reid,False,False
RobertaBondar,Astro_Rex,False,False
RobertaBondar,AstroRM,False,False
RobertaBondar,Astro_Ron,False,False
RobertaBondar,Astro_Sandy,False,False
RobertaBondar,AstroSerena,False,False
RobertaBondar,StationCDRKelly,False,False
RobertaBondar,Astro_Maker,False,False
RobertaBondar,Astro_Suni,False,False
RobertaBondar,AstroTerry,False,False
RobertaBondar,astro_tim,False,False
RobertaBondar,AstroMarshburn,False,False
RobertaBondar,Astro_TJ,False,False
RobertaBondar,Chief_Astronaut,False,False
RobertaBondar,Commercial_Crew,False,False
RobertaBondar,DESERT_RATS,False,False
RobertaBondar,HMP,False,False
RobertaBondar,ISS_Research,False,False
RobertaBondar,NASAMightyEagle,False,False
RobertaBondar,NASA_NEEMO,False,False
RobertaBondar,NASA_Orion,False,False
RobertaBondar,PavilionLake,False,False
RobertaBondar,MorpheusLander,False,False
RobertaBondar,AstroRobonaut,False,False
RobertaBondar,NASA_SLS,False,False
RobertThirsk,AstroGarneau,False,False
RobertThirsk,fka_roscosmos,False,False
RobertThirsk,spacetitan,False,False
RobertThirsk,OlegMKS,False,False
RobertThirsk,Msuraev,False,False
RobertThirsk,AntonAstrey,False,False
RobertThirsk,NASA,True,False
RobertThirsk,NASA_Astronauts,True,False
RobertThirsk,NASAPeople,False,False
RobertThirsk,AstroClass2013,False,False
RobertThirsk,SciAstro,False,False
RobertThirsk,Astro_Flow,False,False
RobertThirsk,Astro_Cady,False,False
RobertThirsk,Astro_Ferg,False,False
RobertThirsk,Astro_Clay,False,False
RobertThirsk,AstroCoastie,False,False
RobertThirsk,astro_Pettit,False,False
RobertThirsk,AstroDot,False,False
RobertThirsk,Astro_Wheels,False,False
RobertThirsk,Astro_Doug,False,False
RobertThirsk,Astro_Taz,False,False
RobertThirsk,Astro_Box,False,False
RobertThirsk,Astro2fish,True,False
RobertThirsk,Astro_Jeff,False,False
RobertThirsk,AstroAcaba,False,False
RobertThirsk,AstroKarenN,False,False
RobertThirsk,Astro_Kate7,False,False
RobertThirsk,astro_kjell,False,False
RobertThirsk,Astro_127,False,False
RobertThirsk,AstroIronMike,False,False
RobertThirsk,foreman_mike,False,False
RobertThirsk,astro_aggie,False,False
RobertThirsk,AstroIllini,False,False
RobertThirsk,Astro_Mike,False,False
RobertThirsk,Astro_Nicholas,False,False
RobertThirsk,Astro_Nicole,False,False
RobertThirsk,astro_reid,False,False
RobertThirsk,Astro_Rex,False,False
RobertThirsk,AstroRM,False,False
RobertThirsk,Astro_Ron,False,False
RobertThirsk,Astro_Sandy,False,False
RobertThirsk,AstroSerena,False,False
RobertThirsk,StationCDRKelly,False,False
RobertThirsk,Astro_Maker,False,False
RobertThirsk,Astro_Suni,False,False
RobertThirsk,AstroTerry,False,False
RobertThirsk,astro_tim,False,False
RobertThirsk,AstroMarshburn,False,False
RobertThirsk,Astro_TJ,False,False
RobertThirsk,Chief_Astronaut,False,False
RobertThirsk,Commercial_Crew,True,False
RobertThirsk,DESERT_RATS,False,False
RobertThirsk,HMP,False,False
RobertThirsk,ISS_Research,False,False
RobertThirsk,NASAMightyEagle,False,False
RobertThirsk,NASA_NEEMO,False,False
RobertThirsk,NASA_Orion,False,False
RobertThirsk,PavilionLake,False,False
RobertThirsk,MorpheusLander,False,False
RobertThirsk,AstroRobonaut,False,False
RobertThirsk,NASA_SLS,False,False
AstroGarneau,fka_roscosmos,False,False
AstroGarneau,spacetitan,False,False
AstroGarneau,OlegMKS,False,False
AstroGarneau,Msuraev,False,False
AstroGarneau,AntonAstrey,False,False
AstroGarneau,NASA,False,False
AstroGarneau,NASA_Astronauts,False,False
AstroGarneau,NASAPeople,False,False
AstroGarneau,AstroClass2013,False,False
AstroGarneau,SciAstro,False,False
AstroGarneau,Astro_Flow,False,False
AstroGarneau,Astro_Cady,False,False
AstroGarneau,Astro_Ferg,False,False
AstroGarneau,Astro_Clay,False,False
AstroGarneau,AstroCoastie,False,False
AstroGarneau,astro_Pettit,False,False
AstroGarneau,AstroDot,False,False
AstroGarneau,Astro_Wheels,False,False
AstroGarneau,Astro_Doug,False,False
AstroGarneau,Astro_Taz,False,False
AstroGarneau,Astro_Box,False,False
AstroGarneau,Astro2fish,False,False
AstroGarneau,Astro_Jeff,False,False
AstroGarneau,AstroAcaba,False,False
AstroGarneau,AstroKarenN,False,False
AstroGarneau,Astro_Kate7,False,False
AstroGarneau,astro_kjell,False,False
AstroGarneau,Astro_127,False,False
AstroGarneau,AstroIronMike,False,False
AstroGarneau,foreman_mike,False,False
AstroGarneau,astro_aggie,False,False
AstroGarneau,AstroIllini,False,False
AstroGarneau,Astro_Mike,False,False
AstroGarneau,Astro_Nicholas,False,False
AstroGarneau,Astro_Nicole,False,False
AstroGarneau,astro_reid,False,False
AstroGarneau,Astro_Rex,False,False
AstroGarneau,AstroRM,False,False
AstroGarneau,Astro_Ron,False,False
AstroGarneau,Astro_Sandy,False,False
AstroGarneau,AstroSerena,False,False
AstroGarneau,StationCDRKelly,False,False
AstroGarneau,Astro_Maker,False,False
AstroGarneau,Astro_Suni,False,False
AstroGarneau,AstroTerry,False,False
AstroGarneau,astro_tim,False,False
AstroGarneau,AstroMarshburn,False,False
AstroGarneau,Astro_TJ,False,False
AstroGarneau,Chief_Astronaut,False,False
AstroGarneau,Commercial_Crew,False,False
AstroGarneau,DESERT_RATS,False,False
AstroGarneau,HMP,False,False
AstroGarneau,ISS_Research,False,False
AstroGarneau,NASAMightyEagle,False,False
AstroGarneau,NASA_NEEMO,False,False
AstroGarneau,NASA_Orion,False,False
AstroGarneau,PavilionLake,False,False
AstroGarneau,MorpheusLander,False,False
AstroGarneau,AstroRobonaut,False,False
AstroGarneau,NASA_SLS,False,False
fka_roscosmos,spacetitan,False,False
fka_roscosmos,OlegMKS,False,True
fka_roscosmos,Msuraev,False,False
fka_roscosmos,AntonAstrey,False,False
fka_roscosmos,NASA,True,True
fka_roscosmos,NASA_Astronauts,False,False
fka_roscosmos,NASAPeople,False,False
fka_roscosmos,AstroClass2013,False,False
fka_roscosmos,SciAstro,False,False
fka_roscosmos,Astro_Flow,False,False
fka_roscosmos,Astro_Cady,False,False
fka_roscosmos,Astro_Ferg,False,False
fka_roscosmos,Astro_Clay,False,False
fka_roscosmos,AstroCoastie,False,False
fka_roscosmos,astro_Pettit,False,False
fka_roscosmos,AstroDot,False,False
fka_roscosmos,Astro_Wheels,False,False
fka_roscosmos,Astro_Doug,False,False
fka_roscosmos,Astro_Taz,False,False
fka_roscosmos,Astro_Box,False,False
fka_roscosmos,Astro2fish,False,False
fka_roscosmos,Astro_Jeff,False,False
fka_roscosmos,AstroAcaba,False,False
fka_roscosmos,AstroKarenN,False,False
fka_roscosmos,Astro_Kate7,False,False
fka_roscosmos,astro_kjell,False,False
fka_roscosmos,Astro_127,False,False
fka_roscosmos,AstroIronMike,False,False
fka_roscosmos,foreman_mike,False,False
fka_roscosmos,astro_aggie,False,False
fka_roscosmos,AstroIllini,False,False
fka_roscosmos,Astro_Mike,False,False
fka_roscosmos,Astro_Nicholas,False,False
fka_roscosmos,Astro_Nicole,False,True
fka_roscosmos,astro_reid,False,False
fka_roscosmos,Astro_Rex,False,False
fka_roscosmos,AstroRM,False,False
fka_roscosmos,Astro_Ron,False,False
fka_roscosmos,Astro_Sandy,False,False
fka_roscosmos,AstroSerena,False,False
fka_roscosmos,StationCDRKelly,False,False
fka_roscosmos,Astro_Maker,False,False
fka_roscosmos,Astro_Suni,False,False
fka_roscosmos,AstroTerry,False,False
fka_roscosmos,astro_tim,False,False
fka_roscosmos,AstroMarshburn,False,False
fka_roscosmos,Astro_TJ,False,False
fka_roscosmos,Chief_Astronaut,False,False
fka_roscosmos,Commercial_Crew,False,False
fka_roscosmos,DESERT_RATS,False,False
fka_roscosmos,HMP,False,False
fka_roscosmos,ISS_Research,False,True
fka_roscosmos,NASAMightyEagle,False,False
fka_roscosmos,NASA_NEEMO,False,False
fka_roscosmos,NASA_Orion,False,False
fka_roscosmos,PavilionLake,False,False
fka_roscosmos,MorpheusLander,False,False
fka_roscosmos,AstroRobonaut,False,False
fka_roscosmos,NASA_SLS,False,False
spacetitan,OlegMKS,False,False
spacetitan,Msuraev,False,False
spacetitan,AntonAstrey,False,False
spacetitan,NASA,False,False
spacetitan,NASA_Astronauts,False,False
spacetitan,NASAPeople,False,False
spacetitan,AstroClass2013,False,False
spacetitan,SciAstro,False,False
spacetitan,Astro_Flow,False,False
spacetitan,Astro_Cady,False,False
spacetitan,Astro_Ferg,False,False
spacetitan,Astro_Clay,False,False
spacetitan,AstroCoastie,False,False
spacetitan,astro_Pettit,False,False
spacetitan,AstroDot,False,False
spacetitan,Astro_Wheels,False,False
spacetitan,Astro_Doug,False,False
spacetitan,Astro_Taz,False,False
spacetitan,Astro_Box,False,False
spacetitan,Astro2fish,False,False
spacetitan,Astro_Jeff,False,False
spacetitan,AstroAcaba,False,False
spacetitan,AstroKarenN,False,False
spacetitan,Astro_Kate7,False,False
spacetitan,astro_kjell,False,False
spacetitan,Astro_127,False,False
spacetitan,AstroIronMike,False,False
spacetitan,foreman_mike,False,False
spacetitan,astro_aggie,False,False
spacetitan,AstroIllini,False,False
spacetitan,Astro_Mike,False,False
spacetitan,Astro_Nicholas,False,False
spacetitan,Astro_Nicole,False,False
spacetitan,astro_reid,False,False
spacetitan,Astro_Rex,False,False
spacetitan,AstroRM,False,False
spacetitan,Astro_Ron,False,False
spacetitan,Astro_Sandy,False,False
spacetitan,AstroSerena,False,False
spacetitan,StationCDRKelly,False,False
spacetitan,Astro_Maker,False,False
spacetitan,Astro_Suni,False,False
spacetitan,AstroTerry,False,False
spacetitan,astro_tim,False,False
spacetitan,AstroMarshburn,False,False
spacetitan,Astro_TJ,False,False
spacetitan,Chief_Astronaut,False,False
spacetitan,Commercial_Crew,False,False
spacetitan,DESERT_RATS,False,False
spacetitan,HMP,False,False
spacetitan,ISS_Research,False,False
spacetitan,NASAMightyEagle,False,False
spacetitan,NASA_NEEMO,False,False
spacetitan,NASA_Orion,False,False
spacetitan,PavilionLake,False,False
spacetitan,MorpheusLander,False,False
spacetitan,AstroRobonaut,False,False
spacetitan,NASA_SLS,False,False
OlegMKS,Msuraev,True,True
OlegMKS,AntonAstrey,True,True
OlegMKS,NASA,True,True
OlegMKS,NASA_Astronauts,True,False
OlegMKS,NASAPeople,False,False
OlegMKS,AstroClass2013,False,False
OlegMKS,SciAstro,False,False
OlegMKS,Astro_Flow,False,False
OlegMKS,Astro_Cady,False,True
OlegMKS,Astro_Ferg,False,False
OlegMKS,Astro_Clay,False,True
OlegMKS,AstroCoastie,False,False
OlegMKS,astro_Pettit,False,False
OlegMKS,AstroDot,False,False
OlegMKS,Astro_Wheels,False,False
OlegMKS,Astro_Doug,False,False
OlegMKS,Astro_Taz,False,False
OlegMKS,Astro_Box,False,False
OlegMKS,Astro2fish,False,False
OlegMKS,Astro_Jeff,False,False
OlegMKS,AstroAcaba,False,False
OlegMKS,AstroKarenN,False,True
OlegMKS,Astro_Kate7,False,False
OlegMKS,astro_kjell,False,False
OlegMKS,Astro_127,False,False
OlegMKS,AstroIronMike,False,False
OlegMKS,foreman_mike,False,False
OlegMKS,astro_aggie,False,False
OlegMKS,AstroIllini,False,False
OlegMKS,Astro_Mike,False,False
OlegMKS,Astro_Nicholas,False,False
OlegMKS,Astro_Nicole,False,True
OlegMKS,astro_reid,True,False
OlegMKS,Astro_Rex,False,False
OlegMKS,AstroRM,True,False
OlegMKS,Astro_Ron,False,True
OlegMKS,Astro_Sandy,False,False
OlegMKS,AstroSerena,False,False
OlegMKS,StationCDRKelly,False,False
OlegMKS,Astro_Maker,False,True
OlegMKS,Astro_Suni,False,False
OlegMKS,AstroTerry,False,False
OlegMKS,astro_tim,False,False
OlegMKS,AstroMarshburn,False,False
OlegMKS,Astro_TJ,False,False
OlegMKS,Chief_Astronaut,True,False
OlegMKS,Commercial_Crew,False,False
OlegMKS,DESERT_RATS,False,False
OlegMKS,HMP,False,False
OlegMKS,ISS_Research,True,True
OlegMKS,NASAMightyEagle,False,False
OlegMKS,NASA_NEEMO,False,False
OlegMKS,NASA_Orion,False,False
OlegMKS,PavilionLake,False,False
OlegMKS,MorpheusLander,False,False
OlegMKS,AstroRobonaut,False,False
OlegMKS,NASA_SLS,False,False
Msuraev,AntonAstrey,False,True
Msuraev,NASA,True,False
Msuraev,NASA_Astronauts,False,False
Msuraev,NASAPeople,False,False
Msuraev,AstroClass2013,False,False
Msuraev,SciAstro,False,False
Msuraev,Astro_Flow,False,False
Msuraev,Astro_Cady,False,True
Msuraev,Astro_Ferg,False,False
Msuraev,Astro_Clay,False,False
Msuraev,AstroCoastie,False,False
Msuraev,astro_Pettit,False,False
Msuraev,AstroDot,False,False
Msuraev,Astro_Wheels,False,False
Msuraev,Astro_Doug,False,False
Msuraev,Astro_Taz,False,False
Msuraev,Astro_Box,False,False
Msuraev,Astro2fish,False,False
Msuraev,Astro_Jeff,False,False
Msuraev,AstroAcaba,False,False
Msuraev,AstroKarenN,False,True
Msuraev,Astro_Kate7,False,False
Msuraev,astro_kjell,False,False
Msuraev,Astro_127,False,False
Msuraev,AstroIronMike,False,False
Msuraev,foreman_mike,False,False
Msuraev,astro_aggie,False,False
Msuraev,AstroIllini,False,False
Msuraev,Astro_Mike,False,False
Msuraev,Astro_Nicholas,False,False
Msuraev,Astro_Nicole,False,True
Msuraev,astro_reid,True,True
Msuraev,Astro_Rex,False,False
Msuraev,AstroRM,False,False
Msuraev,Astro_Ron,False,True
Msuraev,Astro_Sandy,False,False
Msuraev,AstroSerena,False,False
Msuraev,StationCDRKelly,False,True
Msuraev,Astro_Maker,False,True
Msuraev,Astro_Suni,False,False
Msuraev,AstroTerry,False,False
Msuraev,astro_tim,False,False
Msuraev,AstroMarshburn,False,False
Msuraev,Astro_TJ,False,False
Msuraev,Chief_Astronaut,False,False
Msuraev,Commercial_Crew,False,False
Msuraev,DESERT_RATS,False,False
Msuraev,HMP,False,False
Msuraev,ISS_Research,False,True
Msuraev,NASAMightyEagle,False,False
Msuraev,NASA_NEEMO,False,False
Msuraev,NASA_Orion,False,False
Msuraev,PavilionLake,False,False
Msuraev,MorpheusLander,False,False
Msuraev,AstroRobonaut,False,False
Msuraev,NASA_SLS,False,True
AntonAstrey,NASA,False,True
AntonAstrey,NASA_Astronauts,False,False
AntonAstrey,NASAPeople,False,False
AntonAstrey,AstroClass2013,False,False
AntonAstrey,SciAstro,False,False
AntonAstrey,Astro_Flow,False,False
AntonAstrey,Astro_Cady,False,True
AntonAstrey,Astro_Ferg,False,False
AntonAstrey,Astro_Clay,False,False
AntonAstrey,AstroCoastie,False,False
AntonAstrey,astro_Pettit,False,False
AntonAstrey,AstroDot,False,False
AntonAstrey,Astro_Wheels,False,False
AntonAstrey,Astro_Doug,False,False
AntonAstrey,Astro_Taz,False,False
AntonAstrey,Astro_Box,False,False
AntonAstrey,Astro2fish,True,False
AntonAstrey,Astro_Jeff,False,False
AntonAstrey,AstroAcaba,False,False
AntonAstrey,AstroKarenN,False,True
AntonAstrey,Astro_Kate7,False,True
AntonAstrey,astro_kjell,True,False
AntonAstrey,Astro_127,False,False
AntonAstrey,AstroIronMike,True,False
AntonAstrey,foreman_mike,False,False
AntonAstrey,astro_aggie,False,False
AntonAstrey,AstroIllini,False,False
AntonAstrey,Astro_Mike,False,False
AntonAstrey,Astro_Nicholas,False,False
AntonAstrey,Astro_Nicole,False,True
AntonAstrey,astro_reid,True,True
AntonAstrey,Astro_Rex,False,False
AntonAstrey,AstroRM,False,False
AntonAstrey,Astro_Ron,False,True
AntonAstrey,Astro_Sandy,False,False
AntonAstrey,AstroSerena,False,False
AntonAstrey,StationCDRKelly,True,False
AntonAstrey,Astro_Maker,False,False
AntonAstrey,Astro_Suni,False,False
AntonAstrey,AstroTerry,True,True
AntonAstrey,astro_tim,False,False
AntonAstrey,AstroMarshburn,False,False
AntonAstrey,Astro_TJ,False,False
AntonAstrey,Chief_Astronaut,False,False
AntonAstrey,Commercial_Crew,False,False
AntonAstrey,DESERT_RATS,False,False
AntonAstrey,HMP,False,False
AntonAstrey,ISS_Research,False,True
AntonAstrey,NASAMightyEagle,False,False
AntonAstrey,NASA_NEEMO,False,False
AntonAstrey,NASA_Orion,False,False
AntonAstrey,PavilionLake,False,False
AntonAstrey,MorpheusLander,False,False
AntonAstrey,AstroRobonaut,False,False
AntonAstrey,NASA_SLS,False,False
NASA,NASA_Astronauts,True,True
NASA,NASAPeople,True,True
NASA,AstroClass2013,True,True
NASA,SciAstro,True,True
NASA,Astro_Flow,True,True
NASA,Astro_Cady,True,True
NASA,Astro_Ferg,True,True
NASA,Astro_Clay,False,True
NASA,AstroCoastie,True,False
NASA,astro_Pettit,True,False
NASA,AstroDot,False,True
NASA,Astro_Wheels,True,True
NASA,Astro_Doug,True,True
NASA,Astro_Taz,True,True
NASA,Astro_Box,True,True
NASA,Astro2fish,False,False
NASA,Astro_Jeff,True,True
NASA,AstroAcaba,True,True
NASA,AstroKarenN,True,True
NASA,Astro_Kate7,False,True
NASA,astro_kjell,True,False
NASA,Astro_127,False,False
NASA,AstroIronMike,True,True
NASA,foreman_mike,False,False
NASA,astro_aggie,True,True
NASA,AstroIllini,True,True
NASA,Astro_Mike,True,True
NASA,Astro_Nicholas,True,True
NASA,Astro_Nicole,True,True
NASA,astro_reid,True,True
NASA,Astro_Rex,True,True
NASA,AstroRM,True,True
NASA,Astro_Ron,True,True
NASA,Astro_Sandy,True,True
NASA,AstroSerena,False,False
NASA,StationCDRKelly,True,True
NASA,Astro_Maker,False,True
NASA,Astro_Suni,True,True
NASA,AstroTerry,True,True
NASA,astro_tim,True,True
NASA,AstroMarshburn,True,True
NASA,Astro_TJ,True,True
NASA,Chief_Astronaut,True,False
NASA,Commercial_Crew,True,True
NASA,DESERT_RATS,True,True
NASA,HMP,False,True
NASA,ISS_Research,True,True
NASA,NASAMightyEagle,False,True
NASA,NASA_NEEMO,False,True
NASA,NASA_Orion,True,True
NASA,PavilionLake,False,True
NASA,MorpheusLander,True,True
NASA,AstroRobonaut,True,True
NASA,NASA_SLS,True,True
NASA_Astronauts,NASAPeople,False,True
NASA_Astronauts,AstroClass2013,True,True
NASA_Astronauts,SciAstro,False,False
NASA_Astronauts,Astro_Flow,False,True
NASA_Astronauts,Astro_Cady,True,True
NASA_Astronauts,Astro_Ferg,False,True
NASA_Astronauts,Astro_Clay,False,True
NASA_Astronauts,AstroCoastie,True,True
NASA_Astronauts,astro_Pettit,True,False
NASA_Astronauts,AstroDot,True,True
NASA_Astronauts,Astro_Wheels,True,False
NASA_Astronauts,Astro_Doug,True,True
NASA_Astronauts,Astro_Taz,True,True
NASA_Astronauts,Astro_Box,True,True
NASA_Astronauts,Astro2fish,True,True
NASA_Astronauts,Astro_Jeff,True,True
NASA_Astronauts,AstroAcaba,True,True
NASA_Astronauts,AstroKarenN,True,True
NASA_Astronauts,Astro_Kate7,True,True
NASA_Astronauts,astro_kjell,True,True
NASA_Astronauts,Astro_127,False,False
NASA_Astronauts,AstroIronMike,True,True
NASA_Astronauts,foreman_mike,True,True
NASA_Astronauts,astro_aggie,True,True
NASA_Astronauts,AstroIllini,True,True
NASA_Astronauts,Astro_Mike,True,True
NASA_Astronauts,Astro_Nicholas,True,True
NASA_Astronauts,Astro_Nicole,True,True
NASA_Astronauts,astro_reid,True,False
NASA_Astronauts,Astro_Rex,True,True
NASA_Astronauts,AstroRM,True,True
NASA_Astronauts,Astro_Ron,False,True
NASA_Astronauts,Astro_Sandy,False,True
NASA_Astronauts,AstroSerena,True,False
NASA_Astronauts,StationCDRKelly,True,True
NASA_Astronauts,Astro_Maker,True,True
NASA_Astronauts,Astro_Suni,True,True
NASA_Astronauts,AstroTerry,True,True
NASA_Astronauts,astro_tim,True,True
NASA_Astronauts,AstroMarshburn,True,True
NASA_Astronauts,Astro_TJ,True,True
NASA_Astronauts,Chief_Astronaut,True,True
NASA_Astronauts,Commercial_Crew,False,True
NASA_Astronauts,DESERT_RATS,False,False
NASA_Astronauts,HMP,False,False
NASA_Astronauts,ISS_Research,False,True
NASA_Astronauts,NASAMightyEagle,False,False
NASA_Astronauts,NASA_NEEMO,False,False
NASA_Astronauts,NASA_Orion,False,True
NASA_Astronauts,PavilionLake,False,True
NASA_Astronauts,MorpheusLander,False,False
NASA_Astronauts,AstroRobonaut,True,True
NASA_Astronauts,NASA_SLS,False,True
NASAPeople,AstroClass2013,True,False
NASAPeople,SciAstro,True,False
NASAPeople,Astro_Flow,True,False
NASAPeople,Astro_Cady,True,False
NASAPeople,Astro_Ferg,True,False
NASAPeople,Astro_Clay,True,False
NASAPeople,AstroCoastie,False,False
NASAPeople,astro_Pettit,False,False
NASAPeople,AstroDot,False,False
NASAPeople,Astro_Wheels,False,False
NASAPeople,Astro_Doug,False,False
NASAPeople,Astro_Taz,False,False
NASAPeople,Astro_Box,False,False
NASAPeople,Astro2fish,True,False
NASAPeople,Astro_Jeff,False,False
NASAPeople,AstroAcaba,True,False
NASAPeople,AstroKarenN,True,False
NASAPeople,Astro_Kate7,False,False
NASAPeople,astro_kjell,False,False
NASAPeople,Astro_127,False,False
NASAPeople,AstroIronMike,True,False
NASAPeople,foreman_mike,False,False
NASAPeople,astro_aggie,True,False
NASAPeople,AstroIllini,False,False
NASAPeople,Astro_Mike,True,False
NASAPeople,Astro_Nicholas,False,False
NASAPeople,Astro_Nicole,True,False
NASAPeople,astro_reid,False,False
NASAPeople,Astro_Rex,False,False
NASAPeople,AstroRM,False,False
NASAPeople,Astro_Ron,True,False
NASAPeople,Astro_Sandy,True,False
NASAPeople,AstroSerena,False,False
NASAPeople,StationCDRKelly,False,False
NASAPeople,Astro_Maker,False,False
NASAPeople,Astro_Suni,True,False
NASAPeople,AstroTerry,False,False
NASAPeople,astro_tim,False,False
NASAPeople,AstroMarshburn,True,False
NASAPeople,Astro_TJ,False,False
NASAPeople,Chief_Astronaut,False,False
NASAPeople,Commercial_Crew,True,False
NASAPeople,DESERT_RATS,True,False
NASAPeople,HMP,False,False
NASAPeople,ISS_Research,False,False
NASAPeople,NASAMightyEagle,False,False
NASAPeople,NASA_NEEMO,True,False
NASAPeople,NASA_Orion,True,False
NASAPeople,PavilionLake,False,False
NASAPeople,MorpheusLander,True,False
NASAPeople,AstroRobonaut,True,False
NASAPeople,NASA_SLS,True,False
AstroClass2013,SciAstro,False,False
AstroClass2013,Astro_Flow,False,True
AstroClass2013,Astro_Cady,False,True
AstroClass2013,Astro_Ferg,False,False
AstroClass2013,Astro_Clay,False,True
AstroClass2013,AstroCoastie,False,False
AstroClass2013,astro_Pettit,False,False
AstroClass2013,AstroDot,False,False
AstroClass2013,Astro_Wheels,False,False
AstroClass2013,Astro_Doug,False,False
AstroClass2013,Astro_Taz,False,False
AstroClass2013,Astro_Box,False,False
AstroClass2013,Astro2fish,False,False
AstroClass2013,Astro_Jeff,False,False
AstroClass2013,AstroAcaba,False,False
AstroClass2013,AstroKarenN,False,False
AstroClass2013,Astro_Kate7,False,True
AstroClass2013,astro_kjell,False,False
AstroClass2013,Astro_127,False,False
AstroClass2013,AstroIronMike,False,False
AstroClass2013,foreman_mike,False,False
AstroClass2013,astro_aggie,False,True
AstroClass2013,AstroIllini,False,False
AstroClass2013,Astro_Mike,False,False
AstroClass2013,Astro_Nicholas,False,False
AstroClass2013,Astro_Nicole,False,True
AstroClass2013,astro_reid,False,True
AstroClass2013,Astro_Rex,False,False
AstroClass2013,AstroRM,False,False
AstroClass2013,Astro_Ron,False,True
AstroClass2013,Astro_Sandy,False,False
AstroClass2013,AstroSerena,False,False
AstroClass2013,StationCDRKelly,False,False
AstroClass2013,Astro_Maker,False,True
AstroClass2013,Astro_Suni,False,False
AstroClass2013,AstroTerry,False,False
AstroClass2013,astro_tim,False,False
AstroClass2013,AstroMarshburn,False,False
AstroClass2013,Astro_TJ,False,False
AstroClass2013,Chief_Astronaut,False,True
AstroClass2013,Commercial_Crew,False,False
AstroClass2013,DESERT_RATS,False,False
AstroClass2013,HMP,False,False
AstroClass2013,ISS_Research,False,True
AstroClass2013,NASAMightyEagle,False,False
AstroClass2013,NASA_NEEMO,False,True
AstroClass2013,NASA_Orion,False,False
AstroClass2013,PavilionLake,False,False
AstroClass2013,MorpheusLander,False,False
AstroClass2013,AstroRobonaut,False,False
AstroClass2013,NASA_SLS,False,False
SciAstro,Astro_Flow,True,True
SciAstro,Astro_Cady,False,True
SciAstro,Astro_Ferg,False,False
SciAstro,Astro_Clay,False,True
SciAstro,AstroCoastie,False,False
SciAstro,astro_Pettit,False,False
SciAstro,AstroDot,False,True
SciAstro,Astro_Wheels,False,False
SciAstro,Astro_Doug,False,False
SciAstro,Astro_Taz,False,False
SciAstro,Astro_Box,False,False
SciAstro,Astro2fish,False,False
SciAstro,Astro_Jeff,False,False
SciAstro,AstroAcaba,False,False
SciAstro,AstroKarenN,False,False
SciAstro,Astro_Kate7,False,False
SciAstro,astro_kjell,False,False
SciAstro,Astro_127,False,False
SciAstro,AstroIronMike,False,False
SciAstro,foreman_mike,False,False
SciAstro,astro_aggie,False,False
SciAstro,AstroIllini,False,False
SciAstro,Astro_Mike,False,False
SciAstro,Astro_Nicholas,False,False
SciAstro,Astro_Nicole,False,True
SciAstro,astro_reid,False,False
SciAstro,Astro_Rex,False,False
SciAstro,AstroRM,False,False
SciAstro,Astro_Ron,False,True
SciAstro,Astro_Sandy,False,False
SciAstro,AstroSerena,False,False
SciAstro,StationCDRKelly,False,False
SciAstro,Astro_Maker,False,False
SciAstro,Astro_Suni,False,False
SciAstro,AstroTerry,False,True
SciAstro,astro_tim,False,False
SciAstro,AstroMarshburn,False,False
SciAstro,Astro_TJ,False,False
SciAstro,Chief_Astronaut,False,False
SciAstro,Commercial_Crew,False,False
SciAstro,DESERT_RATS,False,False
SciAstro,HMP,False,False
SciAstro,ISS_Research,False,True
SciAstro,NASAMightyEagle,False,False
SciAstro,NASA_NEEMO,False,False
SciAstro,NASA_Orion,False,False
SciAstro,PavilionLake,False,False
SciAstro,MorpheusLander,False,False
SciAstro,AstroRobonaut,False,False
SciAstro,NASA_SLS,False,True
Astro_Flow,Astro_Cady,True,True
Astro_Flow,Astro_Ferg,True,False
Astro_Flow,Astro_Clay,True,True
Astro_Flow,AstroCoastie,True,False
Astro_Flow,astro_Pettit,True,False
Astro_Flow,AstroDot,True,True
Astro_Flow,Astro_Wheels,True,True
Astro_Flow,Astro_Doug,True,False
Astro_Flow,Astro_Taz,True,False
Astro_Flow,Astro_Box,True,True
Astro_Flow,Astro2fish,True,True
Astro_Flow,Astro_Jeff,True,False
Astro_Flow,AstroAcaba,True,False
Astro_Flow,AstroKarenN,True,False
Astro_Flow,Astro_Kate7,True,True
Astro_Flow,astro_kjell,True,True
Astro_Flow,Astro_127,False,False
Astro_Flow,AstroIronMike,True,False
Astro_Flow,foreman_mike,True,True
Astro_Flow,astro_aggie,True,True
Astro_Flow,AstroIllini,True,False
Astro_Flow,Astro_Mike,True,False
Astro_Flow,Astro_Nicholas,True,False
Astro_Flow,Astro_Nicole,True,True
Astro_Flow,astro_reid,True,False
Astro_Flow,Astro_Rex,True,False
Astro_Flow,AstroRM,False,False
Astro_Flow,Astro_Ron,True,True
Astro_Flow,Astro_Sandy,True,False
Astro_Flow,AstroSerena,True,True
Astro_Flow,StationCDRKelly,True,False
Astro_Flow,Astro_Maker,True,True
Astro_Flow,Astro_Suni,True,False
Astro_Flow,AstroTerry,False,True
Astro_Flow,astro_tim,True,False
Astro_Flow,AstroMarshburn,True,True
Astro_Flow,Astro_TJ,True,True
Astro_Flow,Chief_Astronaut,False,False
Astro_Flow,Commercial_Crew,True,True
Astro_Flow,DESERT_RATS,True,False
Astro_Flow,HMP,False,False
Astro_Flow,ISS_Research,True,True
Astro_Flow,NASAMightyEagle,False,False
Astro_Flow,NASA_NEEMO,True,False
Astro_Flow,NASA_Orion,True,True
Astro_Flow,PavilionLake,False,False
Astro_Flow,MorpheusLander,False,False
Astro_Flow,AstroRobonaut,True,False
Astro_Flow,NASA_SLS,False,True
Astro_Cady,Astro_Ferg,True,False
Astro_Cady,Astro_Clay,True,True
Astro_Cady,AstroCoastie,True,True
Astro_Cady,astro_Pettit,True,True
Astro_Cady,AstroDot,True,True
Astro_Cady,Astro_Wheels,True,True
Astro_Cady,Astro_Doug,True,False
Astro_Cady,Astro_Taz,False,False
Astro_Cady,Astro_Box,True,False
Astro_Cady,Astro2fish,True,True
Astro_Cady,Astro_Jeff,False,False
Astro_Cady,AstroAcaba,True,False
Astro_Cady,AstroKarenN,True,False
Astro_Cady,Astro_Kate7,True,True
Astro_Cady,astro_kjell,True,True
Astro_Cady,Astro_127,False,False
Astro_Cady,AstroIronMike,True,False
Astro_Cady,foreman_mike,True,False
Astro_Cady,astro_aggie,True,True
Astro_Cady,AstroIllini,True,False
Astro_Cady,Astro_Mike,True,False
Astro_Cady,Astro_Nicholas,False,False
Astro_Cady,Astro_Nicole,True,True
Astro_Cady,astro_reid,True,False
Astro_Cady,Astro_Rex,True,False
Astro_Cady,AstroRM,True,False
Astro_Cady,Astro_Ron,True,True
Astro_Cady,Astro_Sandy,True,False
Astro_Cady,AstroSerena,True,False
Astro_Cady,StationCDRKelly,True,False
Astro_Cady,Astro_Maker,True,True
Astro_Cady,Astro_Suni,True,False
Astro_Cady,AstroTerry,True,False
Astro_Cady,astro_tim,False,False
Astro_Cady,AstroMarshburn,True,False
Astro_Cady,Astro_TJ,True,True
Astro_Cady,Chief_Astronaut,False,False
Astro_Cady,Commercial_Crew,False,True
Astro_Cady,DESERT_RATS,False,False
Astro_Cady,HMP,False,False
Astro_Cady,ISS_Research,True,True
Astro_Cady,NASAMightyEagle,False,False
Astro_Cady,NASA_NEEMO,True,False
Astro_Cady,NASA_Orion,False,True
Astro_Cady,PavilionLake,False,False
Astro_Cady,MorpheusLander,False,False
Astro_Cady,AstroRobonaut,True,True
Astro_Cady,NASA_SLS,False,True
Astro_Ferg,Astro_Clay,True,True
Astro_Ferg,AstroCoastie,False,False
Astro_Ferg,astro_Pettit,False,False
Astro_Ferg,AstroDot,False,True
Astro_Ferg,Astro_Wheels,False,False
Astro_Ferg,Astro_Doug,False,False
Astro_Ferg,Astro_Taz,False,False
Astro_Ferg,Astro_Box,False,False
Astro_Ferg,Astro2fish,False,False
Astro_Ferg,Astro_Jeff,False,False
Astro_Ferg,AstroAcaba,False,False
Astro_Ferg,AstroKarenN,False,False
Astro_Ferg,Astro_Kate7,False,True
Astro_Ferg,astro_kjell,False,False
Astro_Ferg,Astro_127,False,False
Astro_Ferg,AstroIronMike,False,False
Astro_Ferg,foreman_mike,False,False
Astro_Ferg,astro_aggie,False,True
Astro_Ferg,AstroIllini,False,False
Astro_Ferg,Astro_Mike,True,False
Astro_Ferg,Astro_Nicholas,False,False
Astro_Ferg,Astro_Nicole,False,True
Astro_Ferg,astro_reid,False,False
Astro_Ferg,Astro_Rex,True,False
Astro_Ferg,AstroRM,False,False
Astro_Ferg,Astro_Ron,False,True
Astro_Ferg,Astro_Sandy,True,True
Astro_Ferg,AstroSerena,False,False
Astro_Ferg,StationCDRKelly,False,False
Astro_Ferg,Astro_Maker,False,True
Astro_Ferg,Astro_Suni,False,False
Astro_Ferg,AstroTerry,False,False
Astro_Ferg,astro_tim,False,False
Astro_Ferg,AstroMarshburn,False,False
Astro_Ferg,Astro_TJ,False,False
Astro_Ferg,Chief_Astronaut,False,False
Astro_Ferg,Commercial_Crew,True,True
Astro_Ferg,DESERT_RATS,False,False
Astro_Ferg,HMP,False,False
Astro_Ferg,ISS_Research,False,True
Astro_Ferg,NASAMightyEagle,False,False
Astro_Ferg,NASA_NEEMO,False,False
Astro_Ferg,NASA_Orion,False,False
Astro_Ferg,PavilionLake,False,False
Astro_Ferg,MorpheusLander,False,False
Astro_Ferg,AstroRobonaut,False,False
Astro_Ferg,NASA_SLS,False,True
Astro_Clay,AstroCoastie,True,False
Astro_Clay,astro_Pettit,True,False
Astro_Clay,AstroDot,True,True
Astro_Clay,Astro_Wheels,True,True
Astro_Clay,Astro_Doug,True,False
Astro_Clay,Astro_Taz,True,False
Astro_Clay,Astro_Box,True,False
Astro_Clay,Astro2fish,True,True
Astro_Clay,Astro_Jeff,True,False
Astro_Clay,AstroAcaba,True,False
Astro_Clay,AstroKarenN,True,False
Astro_Clay,Astro_Kate7,True,True
Astro_Clay,astro_kjell,True,True
Astro_Clay,Astro_127,False,False
Astro_Clay,AstroIronMike,True,False
Astro_Clay,foreman_mike,True,False
Astro_Clay,astro_aggie,True,True
Astro_Clay,AstroIllini,True,False
Astro_Clay,Astro_Mike,True,False
Astro_Clay,Astro_Nicholas,True,False
Astro_Clay,Astro_Nicole,True,True
Astro_Clay,astro_reid,True,True
Astro_Clay,Astro_Rex,True,False
Astro_Clay,AstroRM,True,False
Astro_Clay,Astro_Ron,True,True
Astro_Clay,Astro_Sandy,True,False
Astro_Clay,AstroSerena,True,False
Astro_Clay,StationCDRKelly,True,False
Astro_Clay,Astro_Maker,True,True
Astro_Clay,Astro_Suni,True,True
Astro_Clay,AstroTerry,True,False
Astro_Clay,astro_tim,True,False
Astro_Clay,AstroMarshburn,True,False
Astro_Clay,Astro_TJ,True,True
Astro_Clay,Chief_Astronaut,True,False
Astro_Clay,Commercial_Crew,True,True
Astro_Clay,DESERT_RATS,False,False
Astro_Clay,HMP,False,False
Astro_Clay,ISS_Research,True,True
Astro_Clay,NASAMightyEagle,False,False
Astro_Clay,NASA_NEEMO,True,False
Astro_Clay,NASA_Orion,False,False
Astro_Clay,PavilionLake,False,False
Astro_Clay,MorpheusLander,False,False
Astro_Clay,AstroRobonaut,True,False
Astro_Clay,NASA_SLS,False,True
AstroCoastie,astro_Pettit,False,False
AstroCoastie,AstroDot,False,True
AstroCoastie,Astro_Wheels,False,False
AstroCoastie,Astro_Doug,False,False
AstroCoastie,Astro_Taz,False,False
AstroCoastie,Astro_Box,False,False
AstroCoastie,Astro2fish,False,True
AstroCoastie,Astro_Jeff,False,False
AstroCoastie,AstroAcaba,False,False
AstroCoastie,AstroKarenN,False,False
AstroCoastie,Astro_Kate7,False,True
AstroCoastie,astro_kjell,False,True
AstroCoastie,Astro_127,False,False
AstroCoastie,AstroIronMike,False,False
AstroCoastie,foreman_mike,False,False
AstroCoastie,astro_aggie,True,True
AstroCoastie,AstroIllini,False,False
AstroCoastie,Astro_Mike,True,False
AstroCoastie,Astro_Nicholas,False,False
AstroCoastie,Astro_Nicole,False,True
AstroCoastie,astro_reid,False,False
AstroCoastie,Astro_Rex,False,False
AstroCoastie,AstroRM,False,False
AstroCoastie,Astro_Ron,True,True
AstroCoastie,Astro_Sandy,False,False
AstroCoastie,AstroSerena,False,False
AstroCoastie,StationCDRKelly,False,False
AstroCoastie,Astro_Maker,False,False
AstroCoastie,Astro_Suni,False,False
AstroCoastie,AstroTerry,False,False
AstroCoastie,astro_tim,False,False
AstroCoastie,AstroMarshburn,False,False
AstroCoastie,Astro_TJ,False,False
AstroCoastie,Chief_Astronaut,False,True
AstroCoastie,Commercial_Crew,False,False
AstroCoastie,DESERT_RATS,False,False
AstroCoastie,HMP,False,False
AstroCoastie,ISS_Research,False,True
AstroCoastie,NASAMightyEagle,False,False
AstroCoastie,NASA_NEEMO,False,False
AstroCoastie,NASA_Orion,False,False
AstroCoastie,PavilionLake,False,False
AstroCoastie,MorpheusLander,False,False
AstroCoastie,AstroRobonaut,False,False
AstroCoastie,NASA_SLS,False,True
astro_Pettit,AstroDot,False,True
astro_Pettit,Astro_Wheels,False,False
astro_Pettit,Astro_Doug,False,False
astro_Pettit,Astro_Taz,False,False
astro_Pettit,Astro_Box,False,False
astro_Pettit,Astro2fish,False,True
astro_Pettit,Astro_Jeff,False,False
astro_Pettit,AstroAcaba,True,False
astro_Pettit,AstroKarenN,False,False
astro_Pettit,Astro_Kate7,False,True
astro_Pettit,astro_kjell,False,False
astro_Pettit,Astro_127,False,False
astro_Pettit,AstroIronMike,False,False
astro_Pettit,foreman_mike,False,False
astro_Pettit,astro_aggie,False,True
astro_Pettit,AstroIllini,False,False
astro_Pettit,Astro_Mike,True,False
astro_Pettit,Astro_Nicholas,False,True
astro_Pettit,Astro_Nicole,True,True
astro_Pettit,astro_reid,False,False
astro_Pettit,Astro_Rex,False,False
astro_Pettit,AstroRM,False,False
astro_Pettit,Astro_Ron,True,True
astro_Pettit,Astro_Sandy,False,False
astro_Pettit,AstroSerena,False,False
astro_Pettit,StationCDRKelly,False,False
astro_Pettit,Astro_Maker,False,True
astro_Pettit,Astro_Suni,False,True
astro_Pettit,AstroTerry,False,False
astro_Pettit,astro_tim,False,False
astro_Pettit,AstroMarshburn,False,False
astro_Pettit,Astro_TJ,False,False
astro_Pettit,Chief_Astronaut,False,True
astro_Pettit,Commercial_Crew,False,False
astro_Pettit,DESERT_RATS,False,False
astro_Pettit,HMP,False,False
astro_Pettit,ISS_Research,False,True
astro_Pettit,NASAMightyEagle,False,False
astro_Pettit,NASA_NEEMO,False,True
astro_Pettit,NASA_Orion,False,False
astro_Pettit,PavilionLake,False,False
astro_Pettit,MorpheusLander,False,False
astro_Pettit,AstroRobonaut,False,True
astro_Pettit,NASA_SLS,False,True
AstroDot,Astro_Wheels,True,False
AstroDot,Astro_Doug,True,False
AstroDot,Astro_Taz,True,False
AstroDot,Astro_Box,True,False
AstroDot,Astro2fish,True,True
AstroDot,Astro_Jeff,True,False
AstroDot,AstroAcaba,True,False
AstroDot,AstroKarenN,False,False
AstroDot,Astro_Kate7,True,True
AstroDot,astro_kjell,True,True
AstroDot,Astro_127,True,False
AstroDot,AstroIronMike,True,False
AstroDot,foreman_mike,True,False
AstroDot,astro_aggie,True,True
AstroDot,AstroIllini,True,False
AstroDot,Astro_Mike,True,False
AstroDot,Astro_Nicholas,True,False
AstroDot,Astro_Nicole,True,True
AstroDot,astro_reid,True,False
AstroDot,Astro_Rex,True,False
AstroDot,AstroRM,True,True
AstroDot,Astro_Ron,True,True
AstroDot,Astro_Sandy,True,False
AstroDot,AstroSerena,True,False
AstroDot,StationCDRKelly,True,False
AstroDot,Astro_Maker,True,True
AstroDot,Astro_Suni,True,True
AstroDot,AstroTerry,False,False
AstroDot,astro_tim,True,False
AstroDot,AstroMarshburn,True,True
AstroDot,Astro_TJ,True,False
AstroDot,Chief_Astronaut,False,True
AstroDot,Commercial_Crew,False,False
AstroDot,DESERT_RATS,True,False
AstroDot,HMP,False,False
AstroDot,ISS_Research,True,True
AstroDot,NASAMightyEagle,False,False
AstroDot,NASA_NEEMO,True,True
AstroDot,NASA_Orion,False,True
AstroDot,PavilionLake,False,False
AstroDot,MorpheusLander,True,False
AstroDot,AstroRobonaut,True,False
AstroDot,NASA_SLS,False,True
Astro_Wheels,Astro_Doug,False,False
Astro_Wheels,Astro_Taz,False,False
Astro_Wheels,Astro_Box,True,True
Astro_Wheels,Astro2fish,False,False
Astro_Wheels,Astro_Jeff,False,False
Astro_Wheels,AstroAcaba,False,False
Astro_Wheels,AstroKarenN,False,False
Astro_Wheels,Astro_Kate7,False,True
Astro_Wheels,astro_kjell,True,True
Astro_Wheels,Astro_127,False,False
Astro_Wheels,AstroIronMike,False,False
Astro_Wheels,foreman_mike,True,False
Astro_Wheels,astro_aggie,True,True
Astro_Wheels,AstroIllini,True,False
Astro_Wheels,Astro_Mike,True,False
Astro_Wheels,Astro_Nicholas,False,False
Astro_Wheels,Astro_Nicole,True,True
Astro_Wheels,astro_reid,True,True
Astro_Wheels,Astro_Rex,False,False
Astro_Wheels,AstroRM,False,False
Astro_Wheels,Astro_Ron,True,True
Astro_Wheels,Astro_Sandy,False,False
Astro_Wheels,AstroSerena,False,False
Astro_Wheels,StationCDRKelly,True,False
Astro_Wheels,Astro_Maker,True,True
Astro_Wheels,Astro_Suni,False,False
Astro_Wheels,AstroTerry,True,False
Astro_Wheels,astro_tim,False,False
Astro_Wheels,AstroMarshburn,False,False
Astro_Wheels,Astro_TJ,False,False
Astro_Wheels,Chief_Astronaut,True,True
Astro_Wheels,Commercial_Crew,False,False
Astro_Wheels,DESERT_RATS,False,False
Astro_Wheels,HMP,False,False
Astro_Wheels,ISS_Research,False,True
Astro_Wheels,NASAMightyEagle,False,False
Astro_Wheels,NASA_NEEMO,False,True
Astro_Wheels,NASA_Orion,False,True
Astro_Wheels,PavilionLake,False,False
Astro_Wheels,MorpheusLander,False,False
Astro_Wheels,AstroRobonaut,False,True
Astro_Wheels,NASA_SLS,False,True
Astro_Doug,Astro_Taz,False,False
Astro_Doug,Astro_Box,False,False
Astro_Doug,Astro2fish,False,True
Astro_Doug,Astro_Jeff,False,False
Astro_Doug,AstroAcaba,False,False
Astro_Doug,AstroKarenN,True,True
Astro_Doug,Astro_Kate7,False,True
Astro_Doug,astro_kjell,False,False
Astro_Doug,Astro_127,False,False
Astro_Doug,AstroIronMike,False,False
Astro_Doug,foreman_mike,False,False
Astro_Doug,astro_aggie,False,True
Astro_Doug,AstroIllini,False,False
Astro_Doug,Astro_Mike,False,False
Astro_Doug,Astro_Nicholas,False,False
Astro_Doug,Astro_Nicole,False,True
Astro_Doug,astro_reid,True,False
Astro_Doug,Astro_Rex,False,False
Astro_Doug,AstroRM,False,False
Astro_Doug,Astro_Ron,False,True
Astro_Doug,Astro_Sandy,True,True
Astro_Doug,AstroSerena,False,False
Astro_Doug,StationCDRKelly,False,False
Astro_Doug,Astro_Maker,False,True
Astro_Doug,Astro_Suni,False,False
Astro_Doug,AstroTerry,False,False
Astro_Doug,astro_tim,False,False
Astro_Doug,AstroMarshburn,False,False
Astro_Doug,Astro_TJ,False,False
Astro_Doug,Chief_Astronaut,True,True
Astro_Doug,Commercial_Crew,True,False
Astro_Doug,DESERT_RATS,False,False
Astro_Doug,HMP,False,False
Astro_Doug,ISS_Research,False,True
Astro_Doug,NASAMightyEagle,False,False
Astro_Doug,NASA_NEEMO,False,False
Astro_Doug,NASA_Orion,False,False
Astro_Doug,PavilionLake,False,False
Astro_Doug,MorpheusLander,False,False
Astro_Doug,AstroRobonaut,False,False
Astro_Doug,NASA_SLS,False,True
Astro_Taz,Astro_Box,False,False
Astro_Taz,Astro2fish,False,False
Astro_Taz,Astro_Jeff,False,False
Astro_Taz,AstroAcaba,False,False
Astro_Taz,AstroKarenN,False,False
Astro_Taz,Astro_Kate7,False,True
Astro_Taz,astro_kjell,False,True
Astro_Taz,Astro_127,False,False
Astro_Taz,AstroIronMike,False,True
Astro_Taz,foreman_mike,False,False
Astro_Taz,astro_aggie,False,True
Astro_Taz,AstroIllini,False,False
Astro_Taz,Astro_Mike,False,False
Astro_Taz,Astro_Nicholas,False,False
Astro_Taz,Astro_Nicole,False,False
Astro_Taz,astro_reid,False,False
Astro_Taz,Astro_Rex,False,False
Astro_Taz,AstroRM,False,False
Astro_Taz,Astro_Ron,False,False
Astro_Taz,Astro_Sandy,False,False
Astro_Taz,AstroSerena,False,False
Astro_Taz,StationCDRKelly,False,False
Astro_Taz,Astro_Maker,False,True
Astro_Taz,Astro_Suni,False,True
Astro_Taz,AstroTerry,False,False
Astro_Taz,astro_tim,False,False
Astro_Taz,AstroMarshburn,False,False
Astro_Taz,Astro_TJ,False,False
Astro_Taz,Chief_Astronaut,False,False
Astro_Taz,Commercial_Crew,False,False
Astro_Taz,DESERT_RATS,False,False
Astro_Taz,HMP,False,False
Astro_Taz,ISS_Research,False,True
Astro_Taz,NASAMightyEagle,False,False
Astro_Taz,NASA_NEEMO,False,False
Astro_Taz,NASA_Orion,False,False
Astro_Taz,PavilionLake,False,False
Astro_Taz,MorpheusLander,False,False
Astro_Taz,AstroRobonaut,False,False
Astro_Taz,NASA_SLS,False,True
Astro_Box,Astro2fish,False,True
Astro_Box,Astro_Jeff,False,False
Astro_Box,AstroAcaba,False,False
Astro_Box,AstroKarenN,False,False
Astro_Box,Astro_Kate7,False,True
Astro_Box,astro_kjell,False,True
Astro_Box,Astro_127,False,False
Astro_Box,AstroIronMike,True,True
Astro_Box,foreman_mike,False,False
Astro_Box,astro_aggie,False,True
Astro_Box,AstroIllini,False,False
Astro_Box,Astro_Mike,False,False
Astro_Box,Astro_Nicholas,False,False
Astro_Box,Astro_Nicole,True,True
Astro_Box,astro_reid,False,False
Astro_Box,Astro_Rex,False,False
Astro_Box,AstroRM,False,False
Astro_Box,Astro_Ron,False,True
Astro_Box,Astro_Sandy,False,False
Astro_Box,AstroSerena,False,False
Astro_Box,StationCDRKelly,False,False
Astro_Box,Astro_Maker,False,True
Astro_Box,Astro_Suni,False,True
Astro_Box,AstroTerry,False,False
Astro_Box,astro_tim,False,False
Astro_Box,AstroMarshburn,False,False
Astro_Box,Astro_TJ,False,False
Astro_Box,Chief_Astronaut,False,False
Astro_Box,Commercial_Crew,False,False
Astro_Box,DESERT_RATS,False,False
Astro_Box,HMP,False,False
Astro_Box,ISS_Research,False,True
Astro_Box,NASAMightyEagle,False,False
Astro_Box,NASA_NEEMO,False,False
Astro_Box,NASA_Orion,False,False
Astro_Box,PavilionLake,False,False
Astro_Box,MorpheusLander,False,False
Astro_Box,AstroRobonaut,False,False
Astro_Box,NASA_SLS,False,True
Astro2fish,Astro_Jeff,True,False
Astro2fish,AstroAcaba,True,False
Astro2fish,AstroKarenN,False,False
Astro2fish,Astro_Kate7,True,True
Astro2fish,astro_kjell,True,True
Astro2fish,Astro_127,False,False
Astro2fish,AstroIronMike,True,True
Astro2fish,foreman_mike,True,False
Astro2fish,astro_aggie,True,True
Astro2fish,AstroIllini,True,False
Astro2fish,Astro_Mike,True,False
Astro2fish,Astro_Nicholas,False,False
Astro2fish,Astro_Nicole,True,True
Astro2fish,astro_reid,True,True
Astro2fish,Astro_Rex,True,False
Astro2fish,AstroRM,False,False
Astro2fish,Astro_Ron,True,True
Astro2fish,Astro_Sandy,False,False
Astro2fish,AstroSerena,True,False
Astro2fish,StationCDRKelly,True,False
Astro2fish,Astro_Maker,True,True
Astro2fish,Astro_Suni,True,False
Astro2fish,AstroTerry,False,False
Astro2fish,astro_tim,False,False
Astro2fish,AstroMarshburn,True,True
Astro2fish,Astro_TJ,True,False
Astro2fish,Chief_Astronaut,False,True
Astro2fish,Commercial_Crew,False,False
Astro2fish,DESERT_RATS,False,False
Astro2fish,HMP,False,False
Astro2fish,ISS_Research,False,True
Astro2fish,NASAMightyEagle,False,False
Astro2fish,NASA_NEEMO,True,False
Astro2fish,NASA_Orion,False,False
Astro2fish,PavilionLake,False,False
Astro2fish,MorpheusLander,False,False
Astro2fish,AstroRobonaut,True,False
Astro2fish,NASA_SLS,False,True
Astro_Jeff,AstroAcaba,False,False
Astro_Jeff,AstroKarenN,False,False
Astro_Jeff,Astro_Kate7,False,False
Astro_Jeff,astro_kjell,False,True
Astro_Jeff,Astro_127,False,False
Astro_Jeff,AstroIronMike,False,False
Astro_Jeff,foreman_mike,False,False
Astro_Jeff,astro_aggie,False,True
Astro_Jeff,AstroIllini,False,False
Astro_Jeff,Astro_Mike,False,False
Astro_Jeff,Astro_Nicholas,False,False
Astro_Jeff,Astro_Nicole,False,True
Astro_Jeff,astro_reid,False,False
Astro_Jeff,Astro_Rex,False,False
Astro_Jeff,AstroRM,False,False
Astro_Jeff,Astro_Ron,False,True
Astro_Jeff,Astro_Sandy,False,False
Astro_Jeff,AstroSerena,False,False
Astro_Jeff,StationCDRKelly,False,False
Astro_Jeff,Astro_Maker,False,True
Astro_Jeff,Astro_Suni,False,False
Astro_Jeff,AstroTerry,False,False
Astro_Jeff,astro_tim,False,False
Astro_Jeff,AstroMarshburn,False,False
Astro_Jeff,Astro_TJ,False,False
Astro_Jeff,Chief_Astronaut,False,True
Astro_Jeff,Commercial_Crew,False,True
Astro_Jeff,DESERT_RATS,False,False
Astro_Jeff,HMP,False,False
Astro_Jeff,ISS_Research,False,True
Astro_Jeff,NASAMightyEagle,False,False
Astro_Jeff,NASA_NEEMO,False,False
Astro_Jeff,NASA_Orion,False,False
Astro_Jeff,PavilionLake,False,False
Astro_Jeff,MorpheusLander,False,False
Astro_Jeff,AstroRobonaut,False,False
Astro_Jeff,NASA_SLS,False,True
AstroAcaba,AstroKarenN,False,False
AstroAcaba,Astro_Kate7,True,True
AstroAcaba,astro_kjell,False,True
AstroAcaba,Astro_127,False,False
AstroAcaba,AstroIronMike,False,False
AstroAcaba,foreman_mike,False,False
AstroAcaba,astro_aggie,False,True
AstroAcaba,AstroIllini,False,True
AstroAcaba,Astro_Mike,False,False
AstroAcaba,Astro_Nicholas,False,False
AstroAcaba,Astro_Nicole,False,True
AstroAcaba,astro_reid,False,True
AstroAcaba,Astro_Rex,False,False
AstroAcaba,AstroRM,False,False
AstroAcaba,Astro_Ron,False,True
AstroAcaba,Astro_Sandy,False,False
AstroAcaba,AstroSerena,False,False
AstroAcaba,StationCDRKelly,False,False
AstroAcaba,Astro_Maker,False,True
AstroAcaba,Astro_Suni,False,True
AstroAcaba,AstroTerry,False,False
AstroAcaba,astro_tim,False,False
AstroAcaba,AstroMarshburn,False,False
AstroAcaba,Astro_TJ,False,False
AstroAcaba,Chief_Astronaut,False,True
AstroAcaba,Commercial_Crew,False,True
AstroAcaba,DESERT_RATS,False,False
AstroAcaba,HMP,False,False
AstroAcaba,ISS_Research,False,True
AstroAcaba,NASAMightyEagle,False,False
AstroAcaba,NASA_NEEMO,False,False
AstroAcaba,NASA_Orion,False,False
AstroAcaba,PavilionLake,False,False
AstroAcaba,MorpheusLander,False,False
AstroAcaba,AstroRobonaut,False,False
AstroAcaba,NASA_SLS,False,True
AstroKarenN,Astro_Kate7,False,True
AstroKarenN,astro_kjell,False,False
AstroKarenN,Astro_127,False,False
AstroKarenN,AstroIronMike,False,False
AstroKarenN,foreman_mike,False,False
AstroKarenN,astro_aggie,True,True
AstroKarenN,AstroIllini,True,False
AstroKarenN,Astro_Mike,False,False
AstroKarenN,Astro_Nicholas,False,False
AstroKarenN,Astro_Nicole,True,True
AstroKarenN,astro_reid,True,True
AstroKarenN,Astro_Rex,False,False
AstroKarenN,AstroRM,True,False
AstroKarenN,Astro_Ron,True,True
AstroKarenN,Astro_Sandy,False,False
AstroKarenN,AstroSerena,True,False
AstroKarenN,StationCDRKelly,True,False
AstroKarenN,Astro_Maker,False,True
AstroKarenN,Astro_Suni,False,False
AstroKarenN,AstroTerry,True,False
AstroKarenN,astro_tim,False,False
AstroKarenN,AstroMarshburn,True,True
AstroKarenN,Astro_TJ,False,False
AstroKarenN,Chief_Astronaut,True,True
AstroKarenN,Commercial_Crew,False,False
AstroKarenN,DESERT_RATS,False,False
AstroKarenN,HMP,False,False
AstroKarenN,ISS_Research,True,True
AstroKarenN,NASAMightyEagle,False,False
AstroKarenN,NASA_NEEMO,False,False
AstroKarenN,NASA_Orion,False,False
AstroKarenN,PavilionLake,False,False
AstroKarenN,MorpheusLander,False,False
AstroKarenN,AstroRobonaut,False,False
AstroKarenN,NASA_SLS,False,True
Astro_Kate7,astro_kjell,True,True
Astro_Kate7,Astro_127,False,False
Astro_Kate7,AstroIronMike,True,False
Astro_Kate7,foreman_mike,True,False
Astro_Kate7,astro_aggie,True,True
Astro_Kate7,AstroIllini,True,False
Astro_Kate7,Astro_Mike,True,False
Astro_Kate7,Astro_Nicholas,True,False
Astro_Kate7,Astro_Nicole,True,True
Astro_Kate7,astro_reid,True,True
Astro_Kate7,Astro_Rex,True,False
Astro_Kate7,AstroRM,True,False
Astro_Kate7,Astro_Ron,True,True
Astro_Kate7,Astro_Sandy,True,False
Astro_Kate7,AstroSerena,True,True
Astro_Kate7,StationCDRKelly,True,False
Astro_Kate7,Astro_Maker,True,True
Astro_Kate7,Astro_Suni,True,False
Astro_Kate7,AstroTerry,False,False
Astro_Kate7,astro_tim,False,False
Astro_Kate7,AstroMarshburn,True,True
Astro_Kate7,Astro_TJ,True,False
Astro_Kate7,Chief_Astronaut,False,True
Astro_Kate7,Commercial_Crew,True,False
Astro_Kate7,DESERT_RATS,True,False
Astro_Kate7,HMP,False,False
Astro_Kate7,ISS_Research,True,True
Astro_Kate7,NASAMightyEagle,False,False
Astro_Kate7,NASA_NEEMO,True,False
Astro_Kate7,NASA_Orion,True,False
Astro_Kate7,PavilionLake,False,False
Astro_Kate7,MorpheusLander,False,False
Astro_Kate7,AstroRobonaut,False,False
Astro_Kate7,NASA_SLS,False,True
astro_kjell,Astro_127,True,False
astro_kjell,AstroIronMike,True,False
astro_kjell,foreman_mike,True,False
astro_kjell,astro_aggie,True,False
astro_kjell,AstroIllini,True,False
astro_kjell,Astro_Mike,True,False
astro_kjell,Astro_Nicholas,True,False
astro_kjell,Astro_Nicole,True,True
astro_kjell,astro_reid,True,True
astro_kjell,Astro_Rex,False,False
astro_kjell,AstroRM,True,False
astro_kjell,Astro_Ron,True,True
astro_kjell,Astro_Sandy,True,False
astro_kjell,AstroSerena,True,False
astro_kjell,StationCDRKelly,True,True
astro_kjell,Astro_Maker,True,True
astro_kjell,Astro_Suni,True,False
astro_kjell,AstroTerry,True,True
astro_kjell,astro_tim,True,False
astro_kjell,AstroMarshburn,True,True
astro_kjell,Astro_TJ,True,False
astro_kjell,Chief_Astronaut,False,True
astro_kjell,Commercial_Crew,False,False
astro_kjell,DESERT_RATS,True,False
astro_kjell,HMP,False,False
astro_kjell,ISS_Research,True,True
astro_kjell,NASAMightyEagle,False,False
astro_kjell,NASA_NEEMO,True,False
astro_kjell,NASA_Orion,False,False
astro_kjell,PavilionLake,False,False
astro_kjell,MorpheusLander,False,False
astro_kjell,AstroRobonaut,False,False
astro_kjell,NASA_SLS,False,True
Astro_127,AstroIronMike,False,False
Astro_127,foreman_mike,False,False
Astro_127,astro_aggie,False,False
Astro_127,AstroIllini,False,False
Astro_127,Astro_Mike,False,False
Astro_127,Astro_Nicholas,False,False
Astro_127,Astro_Nicole,False,False
Astro_127,astro_reid,False,False
Astro_127,Astro_Rex,False,False
Astro_127,AstroRM,False,False
Astro_127,Astro_Ron,False,False
Astro_127,Astro_Sandy,False,False
Astro_127,AstroSerena,False,False
Astro_127,StationCDRKelly,False,False
Astro_127,Astro_Maker,False,True
Astro_127,Astro_Suni,False,False
Astro_127,AstroTerry,False,False
Astro_127,astro_tim,False,True
Astro_127,AstroMarshburn,False,False
Astro_127,Astro_TJ,False,False
Astro_127,Chief_Astronaut,False,False
Astro_127,Commercial_Crew,False,True
Astro_127,DESERT_RATS,False,False
Astro_127,HMP,False,False
Astro_127,ISS_Research,False,True
Astro_127,NASAMightyEagle,False,False
Astro_127,NASA_NEEMO,False,False
Astro_127,NASA_Orion,False,True
Astro_127,PavilionLake,False,False
Astro_127,MorpheusLander,False,False
Astro_127,AstroRobonaut,False,False
Astro_127,NASA_SLS,False,True
AstroIronMike,foreman_mike,False,False
AstroIronMike,astro_aggie,False,True
AstroIronMike,AstroIllini,False,False
AstroIronMike,Astro_Mike,True,False
AstroIronMike,Astro_Nicholas,False,False
AstroIronMike,Astro_Nicole,True,True
AstroIronMike,astro_reid,False,False
AstroIronMike,Astro_Rex,False,False
AstroIronMike,AstroRM,False,False
AstroIronMike,Astro_Ron,False,True
AstroIronMike,Astro_Sandy,False,False
AstroIronMike,AstroSerena,False,False
AstroIronMike,StationCDRKelly,False,False
AstroIronMike,Astro_Maker,False,True
AstroIronMike,Astro_Suni,False,False
AstroIronMike,AstroTerry,False,False
AstroIronMike,astro_tim,False,False
AstroIronMike,AstroMarshburn,False,False
AstroIronMike,Astro_TJ,False,False
AstroIronMike,Chief_Astronaut,False,True
AstroIronMike,Commercial_Crew,False,True
AstroIronMike,DESERT_RATS,False,False
AstroIronMike,HMP,False,False
AstroIronMike,ISS_Research,False,True
AstroIronMike,NASAMightyEagle,False,False
AstroIronMike,NASA_NEEMO,False,False
AstroIronMike,NASA_Orion,False,False
AstroIronMike,PavilionLake,False,False
AstroIronMike,MorpheusLander,False,False
AstroIronMike,AstroRobonaut,False,False
AstroIronMike,NASA_SLS,False,True
foreman_mike,astro_aggie,False,True
foreman_mike,AstroIllini,False,False
foreman_mike,Astro_Mike,False,False
foreman_mike,Astro_Nicholas,False,False
foreman_mike,Astro_Nicole,False,True
foreman_mike,astro_reid,False,False
foreman_mike,Astro_Rex,False,False
foreman_mike,AstroRM,False,False
foreman_mike,Astro_Ron,False,True
foreman_mike,Astro_Sandy,False,False
foreman_mike,AstroSerena,False,False
foreman_mike,StationCDRKelly,False,False
foreman_mike,Astro_Maker,False,True
foreman_mike,Astro_Suni,False,False
foreman_mike,AstroTerry,False,True
foreman_mike,astro_tim,False,False
foreman_mike,AstroMarshburn,False,False
foreman_mike,Astro_TJ,False,False
foreman_mike,Chief_Astronaut,True,True
foreman_mike,Commercial_Crew,False,False
foreman_mike,DESERT_RATS,False,False
foreman_mike,HMP,False,False
foreman_mike,ISS_Research,False,True
foreman_mike,NASAMightyEagle,False,False
foreman_mike,NASA_NEEMO,False,False
foreman_mike,NASA_Orion,False,True
foreman_mike,PavilionLake,False,False
foreman_mike,MorpheusLander,False,False
foreman_mike,AstroRobonaut,False,False
foreman_mike,NASA_SLS,False,True
astro_aggie,AstroIllini,True,False
astro_aggie,Astro_Mike,True,False
astro_aggie,Astro_Nicholas,True,False
astro_aggie,Astro_Nicole,True,True
astro_aggie,astro_reid,True,True
astro_aggie,Astro_Rex,True,False
astro_aggie,AstroRM,True,False
astro_aggie,Astro_Ron,True,True
astro_aggie,Astro_Sandy,True,False
astro_aggie,AstroSerena,False,False
astro_aggie,StationCDRKelly,True,False
astro_aggie,Astro_Maker,False,True
astro_aggie,Astro_Suni,True,False
astro_aggie,AstroTerry,True,False
astro_aggie,astro_tim,True,False
astro_aggie,AstroMarshburn,True,False
astro_aggie,Astro_TJ,False,False
astro_aggie,Chief_Astronaut,True,True
astro_aggie,Commercial_Crew,False,False
astro_aggie,DESERT_RATS,False,False
astro_aggie,HMP,False,False
astro_aggie,ISS_Research,False,True
astro_aggie,NASAMightyEagle,False,False
astro_aggie,NASA_NEEMO,False,True
astro_aggie,NASA_Orion,False,False
astro_aggie,PavilionLake,False,False
astro_aggie,MorpheusLander,False,False
astro_aggie,AstroRobonaut,False,True
astro_aggie,NASA_SLS,False,True
AstroIllini,Astro_Mike,False,False
AstroIllini,Astro_Nicholas,False,False
AstroIllini,Astro_Nicole,False,True
AstroIllini,astro_reid,True,True
AstroIllini,Astro_Rex,False,False
AstroIllini,AstroRM,False,True
AstroIllini,Astro_Ron,False,True
AstroIllini,Astro_Sandy,False,False
AstroIllini,AstroSerena,False,False
AstroIllini,StationCDRKelly,False,False
AstroIllini,Astro_Maker,False,True
AstroIllini,Astro_Suni,False,False
AstroIllini,AstroTerry,False,True
AstroIllini,astro_tim,False,False
AstroIllini,AstroMarshburn,False,False
AstroIllini,Astro_TJ,False,False
AstroIllini,Chief_Astronaut,False,True
AstroIllini,Commercial_Crew,False,False
AstroIllini,DESERT_RATS,False,False
AstroIllini,HMP,False,False
AstroIllini,ISS_Research,False,True
AstroIllini,NASAMightyEagle,False,False
AstroIllini,NASA_NEEMO,False,False
AstroIllini,NASA_Orion,False,False
AstroIllini,PavilionLake,False,False
AstroIllini,MorpheusLander,False,False
AstroIllini,AstroRobonaut,False,False
AstroIllini,NASA_SLS,False,True
Astro_Mike,Astro_Nicholas,False,True
Astro_Mike,Astro_Nicole,False,True
Astro_Mike,astro_reid,False,True
Astro_Mike,Astro_Rex,False,False
Astro_Mike,AstroRM,True,False
Astro_Mike,Astro_Ron,True,True
Astro_Mike,Astro_Sandy,False,True
Astro_Mike,AstroSerena,False,False
Astro_Mike,StationCDRKelly,False,False
Astro_Mike,Astro_Maker,False,True
Astro_Mike,Astro_Suni,False,False
Astro_Mike,AstroTerry,False,True
Astro_Mike,astro_tim,False,False
Astro_Mike,AstroMarshburn,True,False
Astro_Mike,Astro_TJ,False,False
Astro_Mike,Chief_Astronaut,False,True
Astro_Mike,Commercial_Crew,False,True
Astro_Mike,DESERT_RATS,False,False
Astro_Mike,HMP,False,False
Astro_Mike,ISS_Research,True,True
Astro_Mike,NASAMightyEagle,False,False
Astro_Mike,NASA_NEEMO,False,False
Astro_Mike,NASA_Orion,False,True
Astro_Mike,PavilionLake,False,True
Astro_Mike,MorpheusLander,False,False
Astro_Mike,AstroRobonaut,False,True
Astro_Mike,NASA_SLS,False,True
Astro_Nicholas,Astro_Nicole,False,True
Astro_Nicholas,astro_reid,False,False
Astro_Nicholas,Astro_Rex,False,False
Astro_Nicholas,AstroRM,False,False
Astro_Nicholas,Astro_Ron,True,False
Astro_Nicholas,Astro_Sandy,False,False
Astro_Nicholas,AstroSerena,False,False
Astro_Nicholas,StationCDRKelly,False,False
Astro_Nicholas,Astro_Maker,False,True
Astro_Nicholas,Astro_Suni,False,False
Astro_Nicholas,AstroTerry,False,False
Astro_Nicholas,astro_tim,False,False
Astro_Nicholas,AstroMarshburn,False,False
Astro_Nicholas,Astro_TJ,False,False
Astro_Nicholas,Chief_Astronaut,False,False
Astro_Nicholas,Commercial_Crew,False,False
Astro_Nicholas,DESERT_RATS,False,False
Astro_Nicholas,HMP,False,False
Astro_Nicholas,ISS_Research,False,True
Astro_Nicholas,NASAMightyEagle,False,False
Astro_Nicholas,NASA_NEEMO,False,False
Astro_Nicholas,NASA_Orion,False,True
Astro_Nicholas,PavilionLake,False,False
Astro_Nicholas,MorpheusLander,False,False
Astro_Nicholas,AstroRobonaut,False,False
Astro_Nicholas,NASA_SLS,False,True
Astro_Nicole,astro_reid,True,False
Astro_Nicole,Astro_Rex,False,False
Astro_Nicole,AstroRM,True,False
Astro_Nicole,Astro_Ron,True,True
Astro_Nicole,Astro_Sandy,True,False
Astro_Nicole,AstroSerena,True,False
Astro_Nicole,StationCDRKelly,True,False
Astro_Nicole,Astro_Maker,True,True
Astro_Nicole,Astro_Suni,True,False
Astro_Nicole,AstroTerry,True,True
Astro_Nicole,astro_tim,True,False
Astro_Nicole,AstroMarshburn,True,False
Astro_Nicole,Astro_TJ,True,True
Astro_Nicole,Chief_Astronaut,True,True
Astro_Nicole,Commercial_Crew,True,True
Astro_Nicole,DESERT_RATS,True,False
Astro_Nicole,HMP,False,False
Astro_Nicole,ISS_Research,True,True
Astro_Nicole,NASAMightyEagle,False,False
Astro_Nicole,NASA_NEEMO,True,False
Astro_Nicole,NASA_Orion,True,True
Astro_Nicole,PavilionLake,False,False
Astro_Nicole,MorpheusLander,True,False
Astro_Nicole,AstroRobonaut,False,True
Astro_Nicole,NASA_SLS,True,True
astro_reid,Astro_Rex,False,False
astro_reid,AstroRM,True,True
astro_reid,Astro_Ron,True,True
astro_reid,Astro_Sandy,False,False
astro_reid,AstroSerena,True,True
astro_reid,StationCDRKelly,False,True
astro_reid,Astro_Maker,True,True
astro_reid,Astro_Suni,True,False
astro_reid,AstroTerry,True,True
astro_reid,astro_tim,False,False
astro_reid,AstroMarshburn,False,True
astro_reid,Astro_TJ,False,False
astro_reid,Chief_Astronaut,True,True
astro_reid,Commercial_Crew,False,False
astro_reid,DESERT_RATS,False,False
astro_reid,HMP,False,False
astro_reid,ISS_Research,True,True
astro_reid,NASAMightyEagle,False,False
astro_reid,NASA_NEEMO,False,False
astro_reid,NASA_Orion,False,False
astro_reid,PavilionLake,False,False
astro_reid,MorpheusLander,False,False
astro_reid,AstroRobonaut,False,False
astro_reid,NASA_SLS,False,False
Astro_Rex,AstroRM,False,False
Astro_Rex,Astro_Ron,False,True
Astro_Rex,Astro_Sandy,False,False
Astro_Rex,AstroSerena,False,False
Astro_Rex,StationCDRKelly,False,False
Astro_Rex,Astro_Maker,False,True
Astro_Rex,Astro_Suni,False,False
Astro_Rex,AstroTerry,False,False
Astro_Rex,astro_tim,False,False
Astro_Rex,AstroMarshburn,False,False
Astro_Rex,Astro_TJ,False,False
Astro_Rex,Chief_Astronaut,False,True
Astro_Rex,Commercial_Crew,False,True
Astro_Rex,DESERT_RATS,False,False
Astro_Rex,HMP,False,False
Astro_Rex,ISS_Research,False,True
Astro_Rex,NASAMightyEagle,False,False
Astro_Rex,NASA_NEEMO,False,False
Astro_Rex,NASA_Orion,False,True
Astro_Rex,PavilionLake,False,False
Astro_Rex,MorpheusLander,False,False
Astro_Rex,AstroRobonaut,False,False
Astro_Rex,NASA_SLS,False,True
AstroRM,Astro_Ron,False,True
AstroRM,Astro_Sandy,False,False
AstroRM,AstroSerena,False,False
AstroRM,StationCDRKelly,False,False
AstroRM,Astro_Maker,False,False
AstroRM,Astro_Suni,False,True
AstroRM,AstroTerry,False,True
AstroRM,astro_tim,False,False
AstroRM,AstroMarshburn,False,True
AstroRM,Astro_TJ,False,False
AstroRM,Chief_Astronaut,False,True
AstroRM,Commercial_Crew,False,False
AstroRM,DESERT_RATS,False,False
AstroRM,HMP,False,False
AstroRM,ISS_Research,True,True
AstroRM,NASAMightyEagle,False,False
AstroRM,NASA_NEEMO,False,False
AstroRM,NASA_Orion,False,False
AstroRM,PavilionLake,False,False
AstroRM,MorpheusLander,False,False
AstroRM,AstroRobonaut,False,False
AstroRM,NASA_SLS,False,True
Astro_Ron,Astro_Sandy,True,False
Astro_Ron,AstroSerena,True,False
Astro_Ron,StationCDRKelly,True,False
Astro_Ron,Astro_Maker,True,True
Astro_Ron,Astro_Suni,True,False
Astro_Ron,AstroTerry,True,False
Astro_Ron,astro_tim,True,False
Astro_Ron,AstroMarshburn,True,False
Astro_Ron,Astro_TJ,True,True
Astro_Ron,Chief_Astronaut,False,False
Astro_Ron,Commercial_Crew,False,True
Astro_Ron,DESERT_RATS,False,False
Astro_Ron,HMP,False,False
Astro_Ron,ISS_Research,True,True
Astro_Ron,NASAMightyEagle,False,False
Astro_Ron,NASA_NEEMO,True,False
Astro_Ron,NASA_Orion,False,False
Astro_Ron,PavilionLake,False,False
Astro_Ron,MorpheusLander,False,False
Astro_Ron,AstroRobonaut,False,True
Astro_Ron,NASA_SLS,False,True
Astro_Sandy,AstroSerena,False,False
Astro_Sandy,StationCDRKelly,False,False
Astro_Sandy,Astro_Maker,False,True
Astro_Sandy,Astro_Suni,False,False
Astro_Sandy,AstroTerry,False,False
Astro_Sandy,astro_tim,False,False
Astro_Sandy,AstroMarshburn,False,False
Astro_Sandy,Astro_TJ,False,False
Astro_Sandy,Chief_Astronaut,False,True
Astro_Sandy,Commercial_Crew,False,True
Astro_Sandy,DESERT_RATS,False,False
Astro_Sandy,HMP,False,False
Astro_Sandy,ISS_Research,False,True
Astro_Sandy,NASAMightyEagle,False,False
Astro_Sandy,NASA_NEEMO,False,False
Astro_Sandy,NASA_Orion,False,False
Astro_Sandy,PavilionLake,False,False
Astro_Sandy,MorpheusLander,False,False
Astro_Sandy,AstroRobonaut,False,False
Astro_Sandy,NASA_SLS,False,True
AstroSerena,StationCDRKelly,False,False
AstroSerena,Astro_Maker,True,True
AstroSerena,Astro_Suni,False,False
AstroSerena,AstroTerry,False,False
AstroSerena,astro_tim,False,False
AstroSerena,AstroMarshburn,False,False
AstroSerena,Astro_TJ,False,False
AstroSerena,Chief_Astronaut,False,True
AstroSerena,Commercial_Crew,False,False
AstroSerena,DESERT_RATS,False,False
AstroSerena,HMP,False,False
AstroSerena,ISS_Research,True,True
AstroSerena,NASAMightyEagle,False,False
AstroSerena,NASA_NEEMO,False,False
AstroSerena,NASA_Orion,False,False
AstroSerena,PavilionLake,False,False
AstroSerena,MorpheusLander,False,False
AstroSerena,AstroRobonaut,False,False
AstroSerena,NASA_SLS,False,True
StationCDRKelly,Astro_Maker,False,True
StationCDRKelly,Astro_Suni,False,False
StationCDRKelly,AstroTerry,False,True
StationCDRKelly,astro_tim,False,False
StationCDRKelly,AstroMarshburn,False,False
StationCDRKelly,Astro_TJ,False,False
StationCDRKelly,Chief_Astronaut,True,True
StationCDRKelly,Commercial_Crew,False,False
StationCDRKelly,DESERT_RATS,False,False
StationCDRKelly,HMP,False,False
StationCDRKelly,ISS_Research,True,True
StationCDRKelly,NASAMightyEagle,False,False
StationCDRKelly,NASA_NEEMO,False,True
StationCDRKelly,NASA_Orion,False,True
StationCDRKelly,PavilionLake,False,False
StationCDRKelly,MorpheusLander,False,False
StationCDRKelly,AstroRobonaut,False,True
StationCDRKelly,NASA_SLS,False,True
Astro_Maker,Astro_Suni,True,False
Astro_Maker,AstroTerry,True,False
Astro_Maker,astro_tim,True,False
Astro_Maker,AstroMarshburn,True,False
Astro_Maker,Astro_TJ,True,False
Astro_Maker,Chief_Astronaut,False,True
Astro_Maker,Commercial_Crew,False,False
Astro_Maker,DESERT_RATS,True,False
Astro_Maker,HMP,False,False
Astro_Maker,ISS_Research,True,True
Astro_Maker,NASAMightyEagle,False,False
Astro_Maker,NASA_NEEMO,True,False
Astro_Maker,NASA_Orion,True,False
Astro_Maker,PavilionLake,False,False
Astro_Maker,MorpheusLander,False,False
Astro_Maker,AstroRobonaut,False,False
Astro_Maker,NASA_SLS,False,True
Astro_Suni,AstroTerry,False,False
Astro_Suni,astro_tim,False,False
Astro_Suni,AstroMarshburn,True,False
Astro_Suni,Astro_TJ,False,True
Astro_Suni,Chief_Astronaut,False,True
Astro_Suni,Commercial_Crew,False,False
Astro_Suni,DESERT_RATS,False,False
Astro_Suni,HMP,False,False
Astro_Suni,ISS_Research,False,True
Astro_Suni,NASAMightyEagle,False,False
Astro_Suni,NASA_NEEMO,False,False
Astro_Suni,NASA_Orion,False,False
Astro_Suni,PavilionLake,False,False
Astro_Suni,MorpheusLander,False,False
Astro_Suni,AstroRobonaut,False,False
Astro_Suni,NASA_SLS,False,True
AstroTerry,astro_tim,False,False
AstroTerry,AstroMarshburn,True,False
AstroTerry,Astro_TJ,False,False
AstroTerry,Chief_Astronaut,False,True
AstroTerry,Commercial_Crew,False,False
AstroTerry,DESERT_RATS,False,False
AstroTerry,HMP,False,False
AstroTerry,ISS_Research,False,True
AstroTerry,NASAMightyEagle,False,False
AstroTerry,NASA_NEEMO,False,False
AstroTerry,NASA_Orion,False,False
AstroTerry,PavilionLake,False,False
AstroTerry,MorpheusLander,False,False
AstroTerry,AstroRobonaut,False,False
AstroTerry,NASA_SLS,False,True
astro_tim,AstroMarshburn,False,False
astro_tim,Astro_TJ,False,False
astro_tim,Chief_Astronaut,False,True
astro_tim,Commercial_Crew,False,True
astro_tim,DESERT_RATS,False,False
astro_tim,HMP,False,False
astro_tim,ISS_Research,False,True
astro_tim,NASAMightyEagle,False,False
astro_tim,NASA_NEEMO,False,False
astro_tim,NASA_Orion,False,True
astro_tim,PavilionLake,False,False
astro_tim,MorpheusLander,False,False
astro_tim,AstroRobonaut,False,True
astro_tim,NASA_SLS,False,True
AstroMarshburn,Astro_TJ,False,False
AstroMarshburn,Chief_Astronaut,False,True
AstroMarshburn,Commercial_Crew,False,False
AstroMarshburn,DESERT_RATS,False,False
AstroMarshburn,HMP,False,False
AstroMarshburn,ISS_Research,False,True
AstroMarshburn,NASAMightyEagle,False,False
AstroMarshburn,NASA_NEEMO,False,False
AstroMarshburn,NASA_Orion,True,True
AstroMarshburn,PavilionLake,False,False
AstroMarshburn,MorpheusLander,False,False
AstroMarshburn,AstroRobonaut,False,False
AstroMarshburn,NASA_SLS,False,True
Astro_TJ,Chief_Astronaut,False,True
Astro_TJ,Commercial_Crew,False,True
Astro_TJ,DESERT_RATS,False,False
Astro_TJ,HMP,False,False
Astro_TJ,ISS_Research,True,True
Astro_TJ,NASAMightyEagle,False,False
Astro_TJ,NASA_NEEMO,False,False
Astro_TJ,NASA_Orion,False,False
Astro_TJ,PavilionLake,False,False
Astro_TJ,MorpheusLander,False,False
Astro_TJ,AstroRobonaut,False,False
Astro_TJ,NASA_SLS,False,True
Chief_Astronaut,Commercial_Crew,False,False
Chief_Astronaut,DESERT_RATS,False,False
Chief_Astronaut,HMP,False,False
Chief_Astronaut,ISS_Research,True,True
Chief_Astronaut,NASAMightyEagle,False,False
Chief_Astronaut,NASA_NEEMO,True,True
Chief_Astronaut,NASA_Orion,False,True
Chief_Astronaut,PavilionLake,False,False
Chief_Astronaut,MorpheusLander,False,False
Chief_Astronaut,AstroRobonaut,False,False
Chief_Astronaut,NASA_SLS,False,False
Commercial_Crew,DESERT_RATS,True,False
Commercial_Crew,HMP,False,False
Commercial_Crew,ISS_Research,True,True
Commercial_Crew,NASAMightyEagle,False,False
Commercial_Crew,NASA_NEEMO,False,False
Commercial_Crew,NASA_Orion,True,True
Commercial_Crew,PavilionLake,False,False
Commercial_Crew,MorpheusLander,False,False
Commercial_Crew,AstroRobonaut,True,False
Commercial_Crew,NASA_SLS,True,True
DESERT_RATS,HMP,True,False
DESERT_RATS,ISS_Research,False,False
DESERT_RATS,NASAMightyEagle,False,False
DESERT_RATS,NASA_NEEMO,True,True
DESERT_RATS,NASA_Orion,False,False
DESERT_RATS,PavilionLake,True,True
DESERT_RATS,MorpheusLander,True,True
DESERT_RATS,AstroRobonaut,False,True
DESERT_RATS,NASA_SLS,False,True
HMP,ISS_Research,False,False
HMP,NASAMightyEagle,False,False
HMP,NASA_NEEMO,False,False
HMP,NASA_Orion,False,False
HMP,PavilionLake,False,True
HMP,MorpheusLander,False,False
HMP,AstroRobonaut,False,False
HMP,NASA_SLS,False,False
ISS_Research,NASAMightyEagle,False,False
ISS_Research,NASA_NEEMO,True,False
ISS_Research,NASA_Orion,False,False
ISS_Research,PavilionLake,False,False
ISS_Research,MorpheusLander,False,False
ISS_Research,AstroRobonaut,True,True
ISS_Research,NASA_SLS,False,True
NASAMightyEagle,NASA_NEEMO,False,False
NASAMightyEagle,NASA_Orion,False,False
NASAMightyEagle,PavilionLake,False,False
NASAMightyEagle,MorpheusLander,True,True
NASAMightyEagle,AstroRobonaut,True,False
NASAMightyEagle,NASA_SLS,False,True
NASA_NEEMO,NASA_Orion,False,False
NASA_NEEMO,PavilionLake,True,True
NASA_NEEMO,MorpheusLander,True,True
NASA_NEEMO,AstroRobonaut,False,True
NASA_NEEMO,NASA_SLS,False,False
NASA_Orion,PavilionLake,False,True
NASA_Orion,MorpheusLander,False,False
NASA_Orion,AstroRobonaut,True,False
NASA_Orion,NASA_SLS,True,True
PavilionLake,MorpheusLander,False,False
PavilionLake,AstroRobonaut,False,False
PavilionLake,NASA_SLS,False,False
MorpheusLander,AstroRobonaut,True,True
MorpheusLander,NASA_SLS,False,True
AstroRobonaut,NASA_SLS,False,False
